city_code,name,lat,lon,population_2025,population_2030,population_2041,population_2050,growth_2025_2041,growth_pct_2025_2041,rank_2041,rank_growth_2025_2041,emerging_after_2025,map_visible
7468,Alafaya,28.574118,-81.193795,103.97,108.588,158.701,208.285,54.730999999999995,52.64114648456285,148,72,False,True
8439,Albany,42.660411,-73.784293,92.124,91.951,91.241,90.617,-0.8829999999999956,-0.9584907298858013,239,304,False,True
5743,Albuquerque,35.109421,-106.556033,410.81,416.626,435.655,453.785,24.84499999999997,6.047807989094708,50,125,False,True
8284,Allentown,40.602871,-75.47766,131.61,132.297,135.784,135.692,4.173999999999978,3.1714915279993754,165,222,False,True
4265,Ambler,36.320616,-119.316961,65.539,66.089,111.593,111.988,46.054,70.26961046094692,191,79,False,True
5571,Anchorage,61.200961,-149.825905,139.472,143.963,148.384,152.944,8.911999999999978,6.389813009062735,154,187,False,False
7990,Ann Arbor,42.269034,-83.744143,74.782,73.814,69.551,66.302,-5.2309999999999945,-6.994998796501825,317,326,False,True
2521,Antioch,37.999641,-121.852407,192.502,193.084,192.92,191.44,0.41799999999997794,0.21714060113660008,120,268,False,True
15572,Apple Valley,44.726546,-93.242139,,,,80.099,,,,,False,True
7897,Appleton,44.264311,-88.405751,63.135,63.239,63.364,63.338,0.2289999999999992,0.3627148174546594,348,282,False,True
6413,Arlington,32.720205,-97.086883,311.13,320.773,352.887,373.569,41.757000000000005,13.42107800597821,59,92,False,True
7774,Arlington Heights,42.092734,-87.960937,298.081,297.206,295.324,292.663,-2.757000000000005,-0.9249163817888442,75,318,False,True
8367,Asbury Park,40.207649,-74.024167,64.428,64.63,64.63,64.201,0.20199999999999818,0.3135282796299717,343,283,False,True
14922,Ashborough,32.967003,-80.158928,,,,57.083,,,,,False,True
8130,Ashburn,39.035579,-77.494405,74.481,77.762,83.843,85.642,9.362000000000009,12.56964863522242,260,181,False,True
6605,Asian Trade District,32.877623,-96.866823,66.709,69.815,80.384,84.392,13.674999999999997,20.49948282840396,275,167,False,True
6509,Atascocita,29.993722,-95.178711,62.939,70.516,81.482,93.863,18.543,29.461859896089866,269,149,False,True
7328,Atlanta,33.7897,-84.363856,458.225,506.899,603.823,688.996,145.59799999999996,31.774346663756877,38,22,False,True
5695,Atrisco,35.081715,-106.718298,157.131,161.115,178.407,187.95,21.27600000000001,13.540294404032311,133,140,False,True
14020,Auburn,47.305876,-122.204257,,,56.5,58.366,,,391,,True,True
7624,Aurora,41.751874,-88.290231,190.074,189.554,187.384,183.835,-2.690000000000026,-1.4152382756189832,122,317,False,True
6051,Austin,30.340582,-97.745721,1513.032,1665.2,2003.616,2224.443,490.58400000000006,32.42390114683629,14,4,False,True
4822,Avondale,33.428723,-112.287916,78.07,104.337,133.197,150.653,55.12700000000001,70.61227103881134,167,70,False,True
3098,Bakersfield,35.351145,-119.02874,503.676,519.912,525.68,522.651,22.003999999999962,4.368681453950548,43,135,False,True
8172,Baltimore,39.321761,-76.627214,1145.219,1170.55,1222.154,1246.842,76.93499999999995,6.717929059856669,23,51,False,True
15612,Battle Forest,36.119757,-79.795447,,,,63.985,,,,,False,True
7120,Bayonet Point,28.259326,-82.705581,109.983,118.784,183.682,246.202,73.69899999999998,67.00944691452314,127,53,False,True
13340,Baytown,29.750381,-94.967443,,,73.555,88.618,,,298,,True,True
5413,Bellevue,47.675041,-122.191347,267.696,296.212,350.22,397.8,82.524,30.827505827505824,61,47,False,True
5596,Bellingham,48.749337,-122.470897,73.767,76.318,94.564,105.197,20.796999999999997,28.19282334919408,230,143,False,True
8305,Bensalem Township,40.086767,-74.972415,61.619,63.242,63.132,62.647,1.5129999999999981,2.4554114802252522,351,245,False,True
6725,Bethany,35.513147,-97.590397,188.536,202.293,208.577,215.916,20.040999999999997,10.629800144269527,110,145,False,True
8298,Bethlehem,40.626145,-75.37904,104.676,106.786,109.003,108.959,4.326999999999998,4.13370782223241,197,221,False,True
8340,Binghamton,42.103283,-75.924379,52.087,52.385,52.686,52.656,0.5989999999999966,1.1499990400675726,404,260,False,True
20604,Binghamton,42.103297,-75.924435,,,,,,,,,False,True
21286,Binghamton,42.103453,-75.924028,,,,,,,,,False,True
13333,Birnham Wood,30.051121,-95.374356,,,64.937,72.321,,,340,,True,True
7444,Bloomington,40.501726,-88.987042,58.462,58.287,57.847,,-0.615000000000002,-1.0519653792206938,377,300,False,True
12660,Bloomington,39.16535,-86.516578,,59.075,60.353,60.794,,,365,,True,True
13387,Blue Springs,34.054885,-84.614458,,,88.738,115.301,,,246,,True,True
5546,Boise,43.640834,-116.230816,56.583,59.151,63.381,64.873,6.798000000000002,12.014209214781829,347,204,False,True
8493,Boston,42.350248,-71.09375,1639.797,1641.625,1637.26,1625.515,-2.5370000000000346,-0.1547142725593494,18,314,False,False
6089,Boulder,40.013525,-105.262057,97.693,100.695,117.307,128.373,19.614000000000004,20.077180555413392,185,146,False,True
5766,Bountiful,40.881857,-111.883944,82.6,88.105,100.75,108.795,18.150000000000006,21.973365617433423,214,152,False,True
7093,Bradenton,27.465094,-82.583628,122.428,141.02,194.673,272.325,72.245,59.01019374652857,116,54,False,True
14016,Bremerton,47.576537,-122.637507,,,52.717,60.237,,,403,,True,True
8415,Bridgeport,41.190454,-73.193201,214.775,211.038,206.749,200.258,-8.02600000000001,-3.73693400069841,111,333,False,True
6755,Broadmoor,30.192288,-92.050588,53.562,53.651,53.848,53.794,0.28600000000000136,0.5339606437399674,399,279,False,True
8499,Brockton,42.083868,-71.019675,71.037,71.068,70.796,70.213,-0.24099999999999966,-0.3392598223461008,312,293,False,False
5916,Brownsville,25.926,-97.477804,141.086,171.275,208.715,237.687,67.62899999999999,47.93459308506867,109,58,False,False
7367,Buenaventura Lakes,28.350846,-81.377263,158.161,165.811,185.467,199.729,27.30600000000001,17.264685984534754,124,120,False,True
8207,Buffalo,42.935369,-78.838679,322.892,319.83,313.272,308.535,-9.620000000000005,-2.9793243561314635,69,335,False,True
5359,Burien,47.51772,-122.35384,205.095,222.558,236.208,247.212,31.113,15.170043150735024,93,106,False,True
15364,Calexico,32.680115,-115.492198,,,,50.488,,,,,False,True
1339,Camarillo,34.227107,-119.028826,57.721,58.007,58.208,58.098,0.4870000000000019,0.8437137263734202,375,265,False,True
14037,Campbell,61.131063,-149.899408,,,59.972,60.834,,,367,,True,False
7133,Cape Coral,26.604742,-81.951713,75.124,133.462,176.181,199.865,101.05700000000002,134.5202598370694,135,35,False,True
7920,Carmel Commons,35.115268,-80.859426,57.228,86.765,119.275,200.453,62.047000000000004,108.42070315230308,183,63,False,True
7997,Cary,35.78402,-78.784757,56.865,64.311,79.205,111.607,22.339999999999996,39.286028312670354,279,132,False,True
20385,Castle,41.078805,-81.554948,,,,,,,,,False,True
7237,Castlegate Estates,36.069403,-86.690288,132.507,145.62,161.992,168.364,29.484999999999985,22.251654629566726,143,111,False,True
15517,Centerpointe,29.490295,-95.131236,,,,55.548,,,,,False,True
12473,Central Point,42.341357,-122.871912,,57.375,85.158,89.535,,,257,,True,True
6950,Chalco,41.19319,-96.159453,51.948,52.42,53.441,53.917,1.493000000000002,2.874027874027878,401,246,False,True
7516,Champaign,40.109559,-88.236446,79.408,79.146,78.488,77.621,-0.9200000000000017,-1.1585734434817672,284,305,False,True
7927,Charlotte,35.209268,-80.777948,221.0,229.651,301.523,348.132,80.52300000000002,36.43574660633485,73,48,False,True
14175,Chattahoochee Bluffs,33.931098,-84.481113,,,68.956,81.874,,,319,,True,True
7224,Cherokee Park,36.140152,-86.807858,54.505,68.166,98.366,122.589,43.861,80.47151637464451,217,84,False,True
8256,Chester,39.857274,-75.376585,60.439,60.659,60.701,60.321,0.26200000000000045,0.43349492877115847,363,280,False,True
13451,Chesterfield Court,37.503607,-77.48183,,,64.93,66.217,,,341,,True,True
7747,Chicago,41.872606,-87.70745,3683.385,3667.276,3630.409,3585.359,-52.97600000000011,-1.4382422689998497,4,343,False,True
4603,Chico,39.745323,-121.84187,75.236,76.692,89.207,97.385,13.97099999999999,18.569567760114825,245,166,False,True
13131,Chino Hills,33.972011,-117.719691,,,55.496,66.018,,,395,,True,True
7864,Cincinnati,39.124142,-84.486578,215.459,216.786,218.367,218.338,2.907999999999987,1.3496767366413038,102,234,False,True
6201,Cinco Ranch,29.7684,-95.743947,244.538,263.427,313.529,342.542,68.99099999999999,28.212793103730295,68,56,False,True
6477,City of Oak Ridge North,30.128973,-95.402067,59.352,68.385,86.719,99.977,27.366999999999997,46.10965089634721,253,118,False,True
20384,City of Sterling Heights,42.564441,-83.076632,,,,,,,,,False,True
7393,Clarkston,33.786996,-84.227948,110.053,154.388,201.064,209.84,91.011,82.69742760306397,113,40,False,True
6557,Cockrell Hill,32.724174,-96.845008,230.727,235.369,297.105,311.104,66.37800000000001,28.769064738847216,74,59,False,True
6183,College Station,30.612306,-96.328248,90.99,97.204,160.333,175.208,69.343,76.20947356852402,145,55,False,True
7881,Colonial Heights,34.010237,-81.011732,56.854,66.1,78.995,117.593,22.141000000000005,38.94360994828861,281,134,False,True
6013,Colorado Springs,38.875065,-104.768502,394.888,463.25,513.144,554.215,118.25600000000003,29.946719069710916,45,27,False,True
8165,Columbia,39.205368,-76.840097,88.127,90.592,95.597,116.362,7.469999999999999,8.476403372405732,227,198,False,True
7962,Columbus,40.016942,-82.969109,731.335,738.601,755.176,755.998,23.841000000000008,3.2599287604175937,27,129,False,True
2061,Concord,37.955179,-122.040456,273.051,278.216,277.556,275.106,4.5049999999999955,1.649874931789298,82,218,False,True
6255,Copperfield,29.877147,-95.666128,279.805,300.66,345.917,376.823,66.11199999999997,23.62788370472292,63,60,False,True
3324,Corona,33.857683,-117.575397,125.871,128.738,141.006,145.01,15.135000000000005,12.024215268012494,160,163,False,True
5975,Corpus Christi,27.731823,-97.400357,239.855,260.741,307.528,332.286,67.67300000000003,28.214129369827617,70,57,False,True
12710,Courthouse Green,37.13867,-76.538393,,55.404,68.436,75.599,,,322,,True,True
14889,Cumberland Heights,36.192885,-86.745406,,,,60.427,,,,,False,True
7276,Cutler Bay,25.59885,-80.377513,249.822,274.887,292.837,303.695,43.014999999999986,17.218259400693288,76,86,False,False
8116,Dale City,38.663674,-77.341115,201.864,209.856,220.309,228.027,18.444999999999993,9.137339991281255,100,150,False,True
6620,Dallas,32.911034,-96.809897,1521.118,1560.852,1775.53,1881.513,254.41200000000003,16.725329658843037,15,11,False,True
3926,Davis,38.553039,-121.743666,76.992,79.355,85.177,88.987,8.185000000000002,10.630974646716544,255,191,False,True
7905,Dayton,39.75105,-84.173102,136.938,137.691,138.582,138.498,1.6440000000000055,1.2005433115716642,162,244,False,True
7562,Daytona Beach,29.21048,-81.033063,73.722,108.644,216.441,246.868,142.719,193.59078701066167,105,23,False,True
8011,Dearborn Heights,42.330157,-83.352149,177.423,169.215,162.683,152.975,-14.740000000000009,-8.307829311870506,141,339,False,True
7492,Delray Beach,26.451123,-80.105864,122.425,133.108,146.958,153.846,24.533,20.03920767817031,155,127,False,True
15580,Deltona,28.899333,-81.221304,,,,74.863,,,,,False,True
6589,Denton,33.194326,-97.112969,134.805,140.354,162.654,169.678,27.84899999999999,20.65872927562033,142,115,False,True
6032,Denver,39.723059,-104.968002,2265.994,2363.121,2558.299,2718.122,292.30499999999984,12.899636980503912,8,8,False,True
8032,Detroit,42.415699,-83.154293,809.894,798.668,743.768,712.171,-66.12599999999998,-8.164772180063066,28,344,False,True
13364,Douglas County,41.285273,-96.140488,,,53.763,54.309,,,400,,True,True
7693,Downers Grove,41.779209,-87.976197,84.702,84.383,77.581,76.671,-7.120999999999995,-8.407121437510325,288,331,False,True
6493,Duncanville,32.64975,-96.896253,53.976,56.827,63.088,64.723,9.112000000000002,16.881576997183938,353,185,False,True
7406,Dunwoody,33.95315,-84.34075,73.894,75.961,97.277,107.32,23.382999999999996,31.643976506888237,222,130,False,True
12696,Durham,35.994812,-78.912596,,61.829,96.033,129.626,,,225,,True,True
8319,Easton,40.689614,-75.212625,56.728,57.1,57.508,57.51,0.7800000000000011,1.3749823720208734,383,255,False,True
3483,Eastvale,33.963918,-117.573467,57.217,58.268,63.228,70.539,6.011000000000003,10.505618959400183,349,207,False,True
6273,Edgecliff Village,32.669808,-97.364453,249.26,297.703,336.958,347.706,87.69800000000004,35.18334269437537,64,44,False,True
7456,Edgemoor,33.903096,-84.204114,129.804,133.828,178.699,195.586,48.89500000000001,37.66833071399957,132,76,False,True
5896,Edinburg,26.298555,-98.172544,65.915,74.338,90.496,111.458,24.58099999999999,37.29196692710307,243,126,False,True
14128,Edmond,35.64956,-97.492219,,,77.985,79.288,,,287,,True,True
5303,El Paso,31.805232,-106.370677,605.731,615.368,643.557,661.069,37.82600000000002,6.2446861725749585,34,98,False,True
7654,Elgin,42.039168,-88.280359,80.255,79.953,79.156,78.173,-1.0989999999999895,-1.3693850850414175,280,308,False,True
7720,Elmhurst,41.895545,-87.908371,223.924,221.448,217.999,210.111,-5.925000000000011,-2.645987031314201,103,328,False,True
5030,Emery Park,32.154952,-110.967758,124.4,132.446,218.928,241.499,94.52799999999999,75.98713826366559,101,38,False,True
2660,Encinitas,33.060149,-117.267827,79.46,81.969,91.046,97.893,11.586000000000013,14.580921218223022,240,174,False,True
14705,Enterprise,36.04609,-115.229432,,,,52.057,,,,,False,True
8088,Erie,42.112867,-80.07537,87.288,81.578,80.311,79.109,-6.97699999999999,-7.993080377600576,276,330,False,True
3039,Escondido,33.228898,-117.302563,415.167,476.112,516.057,542.629,100.89000000000004,24.30106439095594,44,36,False,True
14238,Essex,39.318716,-76.45156,,,61.955,64.063,,,359,,True,True
8060,Euclid,41.515179,-81.566733,290.669,282.181,259.902,210.936,-30.766999999999996,-10.584892093756128,84,340,False,True
4963,Eugene,44.068265,-123.102636,197.063,207.464,228.108,241.881,31.045000000000016,15.753845217011827,96,107,False,True
14109,Euless,32.775451,-97.085825,,,54.048,59.446,,,398,,True,True
12630,Evansville,37.964861,-87.535121,,55.947,57.372,59.703,,,387,,True,True
12141,Ewa Beach,21.330369,-158.020061,,50.861,59.246,60.292,,,368,,True,False
7315,Fair Oaks,33.899029,-84.546244,60.682,62.642,121.08,156.318,60.397999999999996,99.53198642101447,179,65,False,True
2918,Fairfield,38.261679,-122.028306,94.364,94.502,94.211,93.329,-0.1530000000000058,-0.1621381035140581,231,289,False,True
8158,Fairland,39.066324,-76.956412,55.301,56.677,76.82,83.339,21.51899999999999,38.91249706153594,290,139,False,True
14836,Fall Creek,29.941436,-95.269815,,,,65.29,,,,,False,True
8481,Fall River,41.695733,-71.153394,91.222,91.304,92.296,91.615,1.0740000000000123,1.1773475696652258,236,253,False,False
7198,Fargo,46.862081,-96.809773,98.08,103.441,130.628,131.965,32.54799999999999,33.18515497553017,171,105,False,True
7738,Farleys Addition,39.8148,-86.259186,105.235,107.59,110.911,111.474,5.676000000000002,5.3936427994488545,192,209,False,True
5331,Federal Way,47.332839,-122.336959,198.137,209.265,225.108,236.618,26.971000000000004,13.612298561096617,97,121,False,True
21017,Ferncrest,30.036823,-89.983693,,,,,,,,,False,True
8053,Firestone Park,41.059507,-81.487423,57.588,56.469,,,,,,,False,True
6573,Flower Mound,33.019199,-97.018472,226.153,240.268,285.347,295.488,59.19399999999999,26.174315618187684,80,66,False,True
7419,Forest City,28.654626,-81.439641,63.459,81.383,102.231,111.5,38.77199999999999,61.09771663593815,209,97,False,True
6146,Fort Collins,40.55382,-105.084271,141.903,147.023,158.297,169.567,16.394000000000005,11.552962234766007,150,159,False,True
7380,Fort Lauderdale,26.211377,-80.200224,1368.027,1498.495,1616.878,1725.922,248.85099999999989,18.190503550003026,19,13,False,True
13408,Fort Pierce,27.436949,-80.340209,,,57.422,59.65,,,386,,True,True
7913,Fort Wayne,41.06869,-85.130576,88.094,88.162,88.411,88.269,0.3170000000000073,0.3598428950893447,248,276,False,True
4099,Fresno,36.785833,-119.774404,685.33,694.287,707.186,712.176,21.855999999999995,3.1891205696525753,30,136,False,True
12626,Gainesville,29.652693,-82.363742,,99.439,153.931,191.61,,,152,,True,True
8151,Gaithersburg,39.158308,-77.231726,274.439,282.454,303.128,318.599,28.688999999999965,10.453689162254621,72,112,False,True
15522,Galveston County,29.289262,-94.808421,,,,51.651,,,,,False,True
21157,Garfield Heights,41.427726,-81.612744,,,,,,,,,False,True
8179,Glen Burnie,39.140977,-76.604004,59.39,60.527,114.443,118.903,55.053,92.69742380872201,188,71,False,True
14034,Glenwood Mobile Estates,48.060571,-122.148368,,,55.852,57.609,,,394,,True,True
7480,Gloster,33.934052,-84.082787,87.212,180.329,194.164,216.333,106.95199999999998,122.63449983947162,118,31,False,True
7185,Golden Gate,26.173548,-81.710912,55.926,57.937,63.068,69.1,7.141999999999996,12.770446661660042,354,200,False,True
7948,Grand Rapids,42.947739,-85.661354,215.899,216.108,216.594,216.147,0.6949999999999932,0.32190978188875036,104,257,False,True
6219,Greatwood,29.573767,-95.679166,57.883,64.263,85.759,95.988,27.875999999999998,48.15921773232209,254,114,False,True
6165,Greeley,40.406247,-104.715931,105.834,108.969,125.98,137.396,20.146,19.035470642704613,176,144,False,True
7934,Green Bay,44.512951,-88.014874,68.967,69.128,73.931,73.825,4.963999999999999,7.197645250627109,297,215,False,True
7969,Greensboro,36.059936,-79.807256,54.455,77.08,81.859,86.18,27.403999999999996,50.3241208337159,265,117,False,True
6397,Greenspoint,29.932723,-95.397185,56.397,64.213,83.954,91.79,27.556999999999995,48.86252814866038,259,116,False,True
6860,Gretna,29.889035,-90.041734,86.447,86.614,86.95,86.881,0.5030000000000001,0.5818594051846797,251,264,False,True
6327,Haltom City,32.805527,-97.272143,66.223,67.623,71.417,77.249,5.194000000000003,7.843196472524655,308,213,False,True
7729,Hammond,41.609465,-87.592552,301.148,300.192,291.001,281.338,-10.147000000000048,-3.3694396110882514,77,336,False,True
8095,Hampton,37.02348,-76.354977,57.417,90.778,99.812,101.722,42.394999999999996,73.8370169113677,215,89,False,True
21159,Hampton,37.026513,-76.350028,,,,,,,,,False,True
6309,Handley,32.729493,-97.246097,97.993,111.321,135.556,153.689,37.56300000000002,38.33232986029616,166,99,False,True
15474,Harlingen,26.196925,-97.686889,,,,54.529,,,,,False,True
8200,Harrisburg,40.268245,-76.872558,68.428,68.768,69.094,69.027,0.6659999999999968,0.9732857894429134,318,258,False,True
8457,Hartford,41.76119,-72.699739,174.432,174.255,173.188,171.962,-1.2439999999999998,-0.7131718950651256,137,309,False,True
5217,Hazel Dell,45.650239,-122.565936,259.716,269.788,350.476,373.086,90.75999999999999,34.94586394369234,60,41,False,True
4304,Hemet,33.756197,-116.961441,140.1,143.992,161.291,165.288,21.191000000000003,15.125624553890079,144,142,False,True
4786,Henderson,36.019093,-114.965863,76.374,79.769,91.755,94.171,15.381,20.139052557152958,237,161,False,True
12643,Hidden Hills,33.740605,-84.167886,,63.664,81.79,85.426,,,266,,True,True
2979,Hillgrove,33.990612,-117.932417,90.854,92.806,103.848,105.804,12.994,14.302067052633896,207,171,False,True
7573,Holiday Hill,30.342359,-81.585315,79.656,87.321,98.003,109.877,18.346999999999994,23.032791001305604,220,151,False,True
13297,Hollywood Park,29.63967,-98.479662,,,70.895,84.463,,,311,,True,True
7263,Homestead,25.481079,-80.448874,138.728,142.931,156.105,162.347,17.37699999999998,12.525950060550125,151,156,False,False
7037,Homewood,33.489776,-86.831424,59.269,60.605,119.738,124.747,60.469,102.02466719532977,180,64,False,True
1,Honolulu,21.335268,-157.884426,540.683,568.542,628.806,637.55,88.12300000000005,16.29845954098798,36,43,False,False
6237,Houston,29.746362,-95.467667,3955.046,4282.09,5020.616,5479.773,1065.5700000000002,26.942038095132148,3,1,False,True
8391,Huntington Station,40.8414,-73.402284,63.009,59.692,58.639,57.416,-4.369999999999997,-6.935517148343884,373,322,False,True
13290,Idaho Falls,43.490209,-112.000065,,,63.613,68.798,,,345,,True,True
6875,Indian Hills,38.954798,-95.262167,61.791,65.014,68.689,69.839,6.897999999999996,11.163438041138672,320,203,False,True
7765,Indianapolis,39.783452,-86.123877,228.577,230.038,243.997,245.536,15.420000000000016,6.746085564164381,90,160,False,True
4566,Indio,33.706481,-116.223384,174.538,180.683,195.766,201.662,21.22799999999998,12.162394435595674,115,141,False,True
6525,Irving,32.830433,-96.971851,181.347,185.086,194.462,201.269,13.11499999999998,7.231991706507403,117,170,False,True
6461,Jacinto City,29.790923,-95.178844,149.916,162.921,185.305,206.94,35.38900000000001,23.605885962805846,125,101,False,True
12656,Jacksonville,30.356075,-81.680274,,55.245,88.735,133.427,,,247,,True,True
7584,Jacksonville Beach,30.310497,-81.40502,61.136,63.511,73.357,77.447,12.220999999999997,19.989858675739328,299,173,False,True
13397,Johns Creek,34.042127,-84.228581,,,58.123,103.484,,,376,,True,True
15456,Johnsons Corner,39.082449,-108.509335,,,,89.931,,,,,False,True
7634,Joliet,41.534075,-88.103796,79.086,78.766,77.99,77.033,-1.0960000000000036,-1.385833143666393,286,307,False,True
7801,Jonestown,37.990587,-84.485895,103.237,103.817,139.954,140.824,36.71700000000001,35.565737090384275,161,100,False,True
14421,Kailua,21.402845,-157.76912,,,,86.652,,,,,False,False
7941,Kalamazoo,42.282935,-85.603213,57.298,57.356,57.475,54.122,0.1769999999999996,0.3089113058047394,384,285,False,True
6935,Kansas City,39.029391,-94.598704,344.125,355.473,374.058,384.366,29.932999999999993,8.698292771521974,56,110,False,True
5127,Keizer,44.959479,-122.999319,137.352,143.061,183.072,190.208,45.72,33.28673772496942,128,80,False,True
12527,Kennewick,46.203777,-119.169868,,56.829,93.768,100.222,,,234,,True,True
7828,Kenosha,42.578518,-87.840836,75.245,75.44,75.621,75.55,0.37599999999999056,0.4997009768090777,295,272,False,True
6127,Killeen,31.101704,-97.751692,51.923,61.938,94.608,144.521,42.685,82.2082699381777,229,87,False,True
7341,Kissimmee,28.313786,-81.420298,55.182,57.134,64.346,75.66,9.164000000000001,16.606864557283174,344,184,False,True
1814,La Rambla,33.736934,-118.298317,92.697,95.306,101.631,109.55,8.933999999999997,9.637852357681476,211,186,False,True
14003,Lacey,47.022142,-122.831606,,,72.044,75.072,,,305,,True,True
8193,Lackawanna,42.842949,-78.813583,52.726,52.234,,,,,,,False,True
7664,Lafayette,40.414341,-86.894121,68.251,68.641,76.033,76.456,7.7819999999999965,11.40203073947634,293,195,False,True
5187,Lake Oswego,45.408943,-122.618843,61.059,64.767,78.949,81.551,17.89,29.299529962822845,282,153,False,True
8403,Lake Ronkonkoma,40.826375,-73.105521,66.783,66.409,63.432,60.909,-3.350999999999999,-5.017744036656033,346,320,False,True
7674,Lake in the Hills,42.193354,-88.353791,58.273,58.108,57.547,56.828,-0.7260000000000062,-1.245860003775344,382,303,False,True
7250,Lakeland,28.0255,-81.943458,70.759,78.244,181.686,206.657,110.927,156.76733701719922,129,28,False,True
8074,Lakeside,37.622771,-77.544609,85.574,95.785,108.666,112.484,23.092,26.984831841447164,198,131,False,True
12655,Lakewood,30.203471,-81.610713,,65.239,80.788,99.452,,,273,,True,True
8347,Lakewood Township,40.092502,-74.217976,70.853,71.137,71.273,70.888,0.4200000000000017,0.5927765937927847,309,267,False,True
3788,Lancaster,34.691672,-118.120118,79.351,80.135,81.292,82.634,1.9410000000000025,2.4460939370644383,271,241,False,True
8214,Lancaster,40.037133,-76.31049,78.283,78.547,78.739,78.589,0.45600000000000307,0.5825019480602469,283,266,False,True
7976,Lansing,42.736664,-84.509053,72.315,72.405,72.728,72.703,0.4129999999999967,0.5711124939500749,302,269,False,True
5832,Laredo,27.518163,-99.479825,249.861,272.653,314.481,344.341,64.62,25.862379482992548,67,61,False,True
4714,Las Vegas,36.162796,-115.186743,2183.655,2232.369,2341.842,2431.504,158.1869999999999,7.244138840613553,10,20,False,True
14944,Laurel,39.096331,-76.853862,,,,78.854,,,,,False,True
4928,Laveen,33.387749,-112.086404,147.74,162.221,193.27,206.519,45.53,30.817652633003924,119,82,False,True
7783,Lawrence,39.83373,-86.025261,56.301,58.214,59.173,59.462,2.872,5.101152732633523,369,235,False,True
8517,Lawrence,42.707678,-71.164223,109.35,109.449,109.112,108.288,-0.23799999999999955,-0.21764974851394564,194,292,False,False
5788,Layton,41.104123,-112.011704,219.666,244.096,271.184,294.52,51.51800000000003,23.452878460936162,83,74,False,True
6070,Leander,30.54842,-97.849759,67.827,75.918,86.834,95.588,19.007000000000005,28.02276379612839,252,148,False,True
8137,Leesburg,39.104066,-77.530245,72.497,74.708,80.053,82.326,7.555999999999997,10.422500241389296,278,197,False,True
8312,Levittown,40.153684,-74.864182,97.724,98.036,98.041,97.384,0.31699999999999307,0.32438295608038253,219,277,False,True
7810,Lexington,38.046868,-84.49422,85.619,86.033,93.58,94.252,7.9609999999999985,9.298169798759618,235,192,False,True
13244,Liberty,44.891884,-123.041665,,,58.692,61.751,,,371,,True,True
6890,Lincoln,40.799369,-96.660965,178.522,182.855,186.836,188.727,8.314000000000021,4.657129093333047,123,190,False,True
8025,Lincoln Park,42.245802,-83.208779,200.04,197.247,190.99,134.305,-9.049999999999983,-4.524095180963799,121,334,False,True
6345,Lindberg,32.645053,-97.141371,210.973,221.227,245.178,252.237,34.204999999999984,16.21297512003905,89,103,False,True
6635,Little Elm,33.170339,-96.88582,55.734,58.241,62.797,67.434,7.062999999999995,12.672695302687758,355,201,False,True
2218,Livermore,37.678601,-121.76867,58.756,60.954,61.801,62.142,3.0450000000000017,5.182449451970865,360,233,False,True
4013,Lodi,38.12665,-121.283171,69.512,70.502,71.772,72.348,2.260000000000005,3.2512371964552957,306,240,False,True
6108,Longmont,40.184622,-105.103037,62.73,66.963,70.645,74.331,7.914999999999999,12.61756735214411,314,193,False,True
1725,Los Angeles,33.984236,-118.11672,12740.42,13069.762,13557.598,13862.284,817.1779999999999,6.414058563218481,2,2,False,True
7594,Louisville,38.225429,-85.740453,291.103,296.525,306.439,308.162,15.336000000000013,5.268238389848271,71,162,False,True
13313,Loveland,40.419525,-105.081593,,,62.541,67.451,,,357,,True,True
8505,Lowell,42.641675,-71.318216,104.535,104.631,105.811,103.521,1.2760000000000105,1.2206438035107958,204,248,False,False
12707,Loxley Gardens,36.811454,-76.343388,,67.313,71.466,73.906,,,307,,True,True
5936,Lubbock,33.557684,-101.881794,97.157,100.155,125.372,130.806,28.215000000000003,29.04062496783557,177,113,False,True
7855,Ludlow,39.126847,-84.596488,94.314,112.794,113.609,113.605,19.295,20.458256462455207,189,147,False,True
8523,Lynn,42.469576,-70.953723,116.362,116.449,116.067,115.169,-0.2950000000000017,-0.25351919011361246,186,294,False,False
4056,Madera,36.963517,-120.063031,65.649,66.777,68.289,68.998,2.6400000000000006,4.021386464378742,323,237,False,True
7644,Madison,43.077044,-89.394246,105.582,106.027,106.386,106.227,0.804000000000002,0.7614934363812033,202,254,False,True
14216,Mallard,35.331157,-80.793118,,,57.754,66.72,,,378,,True,True
8109,Manassas Park,38.776929,-77.488969,72.796,74.338,118.353,124.284,45.55699999999999,62.58173526017911,184,81,False,True
8511,Manchester,42.985636,-71.457892,65.881,65.875,65.564,64.979,-0.3170000000000073,-0.48117059546759655,336,295,False,False
3377,Manteca,37.804805,-121.225261,55.097,55.62,56.212,56.426,1.115000000000002,2.023703649926497,393,251,False,True
14712,Maricopa,33.063226,-112.035764,,,,57.464,,,,,False,True
12650,Marsh Creek,33.986066,-84.039892,,52.972,72.218,74.685,,,304,,True,True
5854,McAllen,26.230411,-98.253744,355.331,382.516,495.23,576.177,139.899,39.37145928725611,46,24,False,True
13990,McDowell Mountain Ranch,33.605252,-111.865982,,,67.867,72.356,,,326,,True,True
13327,Meadowview,29.555188,-95.346964,,,136.62,159.1,,,164,,True,True
6980,Memphis,35.095386,-89.931,356.215,356.936,359.799,360.051,3.584000000000003,1.0061339359656398,58,227,False,True
5494,Meridian,43.629465,-116.409781,61.677,63.037,67.515,69.213,5.838000000000001,9.465440926115084,327,208,False,True
4997,Mesa,33.379694,-111.832912,1398.369,1463.338,1677.082,1825.559,278.7130000000002,19.931291383032676,17,10,False,True
6815,Metairie,29.99931,-90.196761,285.896,286.242,287.791,288.0,1.8949999999999818,0.6628284411114467,79,242,False,True
7289,Miami,25.860611,-80.281365,2912.486,3007.825,3201.681,3329.947,289.19500000000016,9.92948978982217,7,9,False,False
178,Mililani,21.460262,-158.007409,51.888,52.667,55.372,56.001,3.4840000000000018,6.714461917977185,396,230,False,False
7846,Milwaukee,43.047311,-87.956277,701.928,703.243,704.298,703.243,2.3700000000000045,0.33764146750094093,31,238,False,True
7302,Minneapolis [Saint Paul],44.966262,-93.226851,1107.243,1122.51,1155.312,1187.217,48.06899999999996,4.341323449324129,24,77,False,True
2592,Mission Viejo,33.59274,-117.681857,365.221,503.483,542.269,576.299,177.048,48.476949572998265,42,16,False,True
3589,Modesto,37.656165,-120.984159,310.818,316.506,323.81,326.265,12.992000000000019,4.179938098823112,66,172,False,True
21506,Moline,41.495361,-90.53846,,,,,,,,,False,True
14149,Montgomery,32.352214,-86.267222,,,119.585,184.644,,,181,,True,True
5247,Montoya,31.848065,-106.545589,92.835,98.288,106.146,108.046,13.311000000000007,14.33834222006787,203,168,False,True
6710,Moore,35.396803,-97.539487,204.392,209.346,214.997,217.885,10.605000000000018,5.188559239109171,106,178,False,True
4141,Moreno Valley,33.924671,-117.234719,195.562,201.519,238.773,253.69,43.210999999999984,22.095805933668085,92,85,False,True
5095,Morning Sun Farms,33.168942,-111.57065,59.852,66.795,90.891,99.301,31.03900000000001,51.85958698122036,242,108,False,True
12693,Morrisville,35.797412,-78.845611,,71.522,83.235,90.113,,,262,,True,True
14891,Murfreesboro,35.854247,-86.372361,,,,59.589,,,,,False,True
3692,Murrieta,33.537445,-117.150939,257.413,265.762,281.791,300.624,24.377999999999986,9.470384168631726,81,128,False,True
5467,Nampa,43.566965,-116.570923,66.367,70.256,81.363,86.34,14.995999999999995,22.59556707399761,270,164,False,True
2446,Napa,38.310055,-122.304666,66.044,66.111,65.866,65.219,-0.17799999999999727,-0.2695172915026305,334,290,False,True
14881,Naples Manor,26.116406,-81.74906,,,,65.991,,,,,False,True
6429,Nassau Bay,29.563474,-95.106728,78.22,97.09,198.066,217.557,119.846,153.21656865251853,114,26,False,True
8487,New Bedford,41.64411,-70.9298,109.364,109.421,109.03,108.158,-0.3340000000000032,-0.305402143301272,195,296,False,False
8451,New Britain,41.673324,-72.780037,68.735,68.629,68.138,67.681,-0.5969999999999942,-0.8685531388666534,324,298,False,True
8421,New Haven,41.31559,-72.925489,146.173,145.41,142.945,140.065,-3.2280000000000086,-2.208342169894583,157,319,False,True
8018,New Hope,35.86096,-78.641633,150.299,169.611,250.844,270.784,100.54499999999999,66.8966526723398,86,37,False,True
6845,New Orleans,29.952663,-90.070252,258.413,258.655,259.764,259.701,1.350999999999999,0.5228065151521011,85,247,False,True
8354,New York City,40.737858,-73.932685,13920.148,13833.498,13562.013,13224.531,-358.1349999999984,-2.572781553759331,1,346,False,True
8102,Norfolk,36.910381,-76.305556,567.473,583.101,609.462,680.764,41.98900000000003,7.399294768209243,37,91,False,True
7873,North College Hill,39.210338,-84.557539,57.579,57.926,58.327,58.309,0.7479999999999976,1.2990847357543507,374,256,False,True
6363,North Richland Hills,32.871305,-97.226483,404.68,435.456,492.205,522.351,87.52499999999998,21.628200059306113,47,45,False,True
8397,Norwalk,41.10928,-73.418546,58.471,58.112,57.007,55.763,-1.4639999999999986,-2.5038053051940254,388,311,False,True
7354,Oak Ridge,28.538167,-81.455515,353.212,381.81,476.285,515.185,123.07300000000004,34.8439464117867,48,25,False,True
1542,Oakland,37.742552,-122.169346,1503.319,1531.729,1549.784,1555.994,46.465000000000146,3.09082769525298,22,78,False,True
13404,Oakleaf,30.183554,-81.768401,,,91.482,107.206,,,238,,True,True
2857,Oceanside,33.186427,-117.350834,97.661,105.558,119.401,127.858,21.739999999999995,22.260677240659007,182,137,False,True
5810,Ogden,41.21773,-111.96182,132.132,140.57,159.478,167.114,27.346000000000004,20.695970695970697,147,119,False,True
6905,Olathe,38.869395,-94.786192,71.546,72.474,82.443,87.528,10.896999999999991,15.230760629525047,263,176,False,True
6965,Omaha,41.262676,-95.982045,248.059,263.841,288.501,296.443,40.44199999999998,16.303379437956284,78,94,False,True
15403,Oregon City,45.3482,-122.616197,,,,52.893,,,,,False,True
7432,Orlando,28.595097,-81.343762,477.249,594.396,787.404,870.93,310.155,64.98808797923095,26,7,False,True
889,Oxnard,34.188831,-119.18093,236.988,239.504,241.075,242.296,4.086999999999989,1.7245598933279278,91,223,False,True
7023,O’Fallon,38.777451,-90.651312,97.698,97.587,94.132,84.777,-3.5659999999999883,-3.6500235419353397,232,321,False,True
15588,Palm Coast,29.544035,-81.233227,,,,77.412,,,,,False,True
15585,Palm Shores,28.142011,-80.653284,,,,64.217,,,,,False,True
3641,Palmdale,34.567047,-118.073369,93.522,94.63,97.437,100.529,3.914999999999992,4.18618079168537,221,224,False,True
5719,Paradise Hills,35.219552,-106.693343,109.496,117.259,123.771,126.628,14.275000000000006,13.037005918024407,178,165,False,True
13307,Parker,39.518748,-104.771731,,,67.985,72.957,,,325,,True,True
12548,Parklea Addition,32.008503,-102.13159,,56.398,65.92,67.273,,,333,,True,True
8046,Parma,41.447407,-81.760878,322.42,285.878,232.742,223.421,-89.67800000000003,-27.814031387631044,95,345,False,True
8529,Peabody,42.519695,-70.895019,104.798,105.001,104.868,104.221,0.06999999999999318,0.06679516784670812,206,286,False,False
3881,Perris,33.799605,-117.22169,53.999,55.582,63.176,66.397,9.177,16.99475916220671,350,183,False,True
8270,Philadelphia,39.982153,-75.161345,2232.42,2238.064,2282.442,2266.409,50.021999999999935,2.2407073937699864,11,75,False,True
4858,Phoenix,33.537166,-112.132588,1972.021,2117.486,2449.637,2670.364,477.6160000000002,24.219620379296174,9,5,False,True
7172,Pine Manor,26.576603,-81.883772,71.885,129.89,179.676,195.391,107.79099999999998,149.94922445572786,131,30,False,True
8067,Pittsburgh,40.423253,-79.971468,385.498,381.074,370.806,340.593,-14.692000000000007,-3.8111741176348537,57,338,False,True
6541,Pittsville,30.063161,-95.196735,56.826,64.209,82.2,89.626,25.374000000000002,44.65209587160807,264,124,False,True
6650,Plano,33.065361,-96.746886,367.716,378.506,401.688,412.894,33.97199999999998,9.238651568057952,54,104,False,True
1982,Pleasanton,37.685379,-121.881883,75.511,80.704,81.131,80.9,5.6200000000000045,7.442624253420038,272,211,False,True
14782,Pocatello,42.890995,-112.453716,,,,63.413,,,,,False,True
12722,Point Pleasant,40.087284,-74.099402,,58.646,58.646,,,,372,,True,True
7528,Port Saint Lucie,27.287137,-80.366335,78.245,131.135,158.381,173.243,80.136,102.41676784459071,149,49,False,True
4342,Porterville,36.071587,-119.035514,55.827,56.712,62.726,66.805,6.899000000000001,12.357819692980101,356,202,False,True
5157,Portland,45.515684,-122.687628,1397.788,1435.528,1560.187,1619.07,162.3989999999999,11.61828546245925,21,19,False,True
2793,Poway,32.939908,-117.11853,283.508,297.3,325.565,336.088,42.057000000000016,14.834502024634233,65,90,False,True
4418,Prairie Oaks,38.672441,-121.1454,54.087,57.814,75.703,86.153,21.616,39.96524118549743,294,138,False,True
8475,Providence,41.833188,-71.417643,429.694,430.209,429.091,426.01,-0.6030000000000086,-0.1403324226077182,51,299,False,False
5621,Provo,40.299955,-111.705981,488.429,512.43,597.567,647.646,109.13800000000003,22.344701072213166,39,29,False,True
7837,Racine,42.723087,-87.804802,67.04,70.193,70.33,70.228,3.289999999999992,4.907517899761324,315,231,False,True
3970,Ragsdale,37.314528,-120.470763,55.824,56.606,57.586,58.029,1.7620000000000005,3.1563485239323597,381,243,False,True
14927,Raintree,35.099142,-80.7513,,,,68.099,,,,,False,True
8004,Raleigh,35.779164,-78.657513,151.326,181.282,209.647,220.263,58.321,38.53997330267106,108,67,False,True
20462,Rancho Santa Clarita,34.442813,-118.512865,,,,,,,,,False,True
8235,Reading,40.338673,-75.931312,130.067,130.689,131.285,131.151,1.2179999999999893,0.9364404499219551,169,249,False,True
4380,Redlands,34.06025,-117.172011,64.761,67.581,71.132,72.262,6.371000000000009,9.837710968020891,310,206,False,True
14075,Regency,38.239256,-104.642387,,,54.4,57.549,,,397,,True,True
4677,Reno,39.539834,-119.833744,223.96,233.819,250.563,260.386,26.60299999999998,11.878460439364163,87,122,False,True
8081,Richmond,37.556789,-77.447086,150.308,159.202,172.535,175.08,22.227000000000004,14.787636053969186,138,133,False,True
6291,River Oaks,32.788779,-97.378593,62.266,63.599,70.734,101.37,8.467999999999996,13.599717341727422,313,189,False,True
14168,Riverdale,33.581224,-84.409378,,,99.329,166.292,,,216,,True,True
3430,Riverside,33.935462,-117.438703,367.336,382.74,443.683,513.343,76.34699999999998,20.783968900407253,49,52,False,True
6770,Riverview,36.14454,-95.942987,74.75,75.372,109.127,125.138,34.376999999999995,45.989297658862874,193,102,False,True
7551,Riviera Beach,26.809589,-80.075168,59.605,77.369,102.034,110.834,42.42900000000001,71.18362553477058,210,88,False,True
8277,Rochester,43.164841,-77.606273,244.583,239.677,234.318,230.604,-10.264999999999986,-4.1969392803261005,94,337,False,True
12634,Rochester,44.03843,-92.478871,,63.882,65.354,66.05,,,338,,True,True
7604,Rockford,42.274448,-89.079127,86.647,86.327,84.028,83.028,-2.6189999999999998,-3.0226089766523936,258,316,False,True
4492,Rocklin,38.797232,-121.261409,57.386,64.819,87.365,97.456,29.978999999999992,52.24096469522181,250,109,False,True
3213,Rosedale,35.407911,-119.109039,66.725,66.978,67.09,66.913,0.3650000000000091,0.5470213563132397,329,273,False,True
14089,Rosenberg,29.561393,-95.785788,,,65.028,70.204,,,339,,True,True
15576,Roswell,34.016587,-84.308034,,,,65.706,,,,,False,True
7792,Round Lake Beach,42.370987,-88.081627,52.986,53.157,57.69,56.837,4.704000000000001,8.877816781791418,379,216,False,True
14809,Route 66 Historic District,35.18002,-101.880336,,,,90.157,,,,,False,True
4529,Royal Palms,33.818433,-116.463161,56.96,61.38,64.822,67.623,7.862000000000002,13.802668539325847,342,194,False,True
3835,Rubidoux,33.998107,-117.453375,58.482,100.384,115.929,123.824,57.447,98.23022468451832,187,69,False,True
4225,Sacramento,38.607602,-121.472635,1514.661,1590.806,1685.044,1746.019,170.38300000000004,11.248919725271863,16,17,False,True
7540,Saint Johns Park,30.289949,-81.735877,90.2,125.062,180.667,222.575,90.467,100.2960088691796,130,42,False,True
7079,Saint Petersburg,27.92962,-82.799078,877.183,948.241,1127.963,1231.899,250.77999999999997,28.58924534561203,25,12,False,True
764,Salinas,36.690588,-121.635156,159.264,163.794,168.583,172.075,9.318999999999988,5.851290938316247,140,182,False,True
5671,Salt Lake City,40.682294,-111.86356,542.449,574.519,634.664,673.77,92.21500000000003,16.999754815660097,35,39,False,True
5956,San Antonio,29.454808,-98.545191,1686.163,1853.524,2203.32,2432.647,517.1570000000002,30.67064097599106,12,3,False,True
2295,San Diego,32.720032,-117.085564,1915.114,2006.367,2156.692,2234.848,241.57799999999997,12.61428823558284,13,14,False,True
1233,San Francisco,37.790813,-122.625239,3163.486,3219.679,3268.285,3290.101,104.79899999999998,3.3127695207122767,6,32,False,True
1442,San Rafael,37.978276,-122.539254,61.393,61.613,61.65,61.243,0.2569999999999979,0.4186145000244293,361,281,False,True
12658,Sandalwood,30.316331,-81.486132,,63.328,102.951,150.739,,,208,,True,True
487,Santa Barbara,34.425045,-119.713721,90.478,91.382,93.987,94.224,3.5090000000000003,3.8782908552355275,233,228,False,True
2371,Santa Clarita,34.387865,-118.552774,55.547,56.1,56.736,56.846,1.189,2.140529641564801,390,250,False,True
630,Santa Cruz,36.971962,-122.003213,90.911,92.895,96.578,102.502,5.667000000000002,6.233569095049005,223,210,False,True
339,Santa Maria,34.953232,-120.437127,97.213,97.808,98.306,98.215,1.0930000000000035,1.1243352226554097,218,252,False,True
1899,Santa Rosa,38.442428,-122.72559,142.32,142.608,142.287,139.546,-0.03299999999998704,-0.02318718381112074,158,288,False,True
7107,Sarasota,27.319473,-82.508546,125.252,133.831,170.343,198.395,45.090999999999994,36.00022354932456,139,83,False,True
14908,Satellite Beach,28.147521,-80.59043,,,,59.184,,,,,False,True
7756,Savannah,32.052692,-81.089538,77.867,79.714,91.039,98.156,13.171999999999997,16.9160234759269,241,169,False,True
7711,Schaumburg,42.018459,-88.113187,218.625,217.937,213.233,207.697,-5.391999999999996,-2.4663236134934228,107,327,False,True
8427,Schenectady,42.803211,-73.931266,80.951,80.821,80.227,79.702,-0.7239999999999895,-0.8943681980457184,277,302,False,True
14073,Schertz,29.578417,-98.263002,,,61.641,70.64,,,362,,True,True
8326,Scranton,41.413233,-75.659272,73.841,76.412,76.684,76.568,2.8430000000000035,3.8501645427337166,291,236,False,True
5386,Seattle,47.670763,-122.297078,1403.495,1469.239,1613.831,1727.219,210.336,14.986587055885488,20,15,False,True
12620,Seffner,27.949682,-82.26655,,89.268,101.206,118.784,,,213,,True,True
8409,Selden,40.878526,-73.045801,62.364,62.038,57.43,,-4.9339999999999975,-7.911615675710341,385,324,False,True
6785,Shannon Park VI,36.12439,-95.848201,63.32,65.543,67.191,68.022,3.871000000000002,6.113392293114344,328,225,False,True
1635,Simi Valley,34.273941,-118.732843,100.518,104.14,107.752,107.783,7.233999999999995,7.196720985296161,199,199,False,True
6995,Sioux Falls,43.537571,-96.709826,72.825,73.436,89.772,90.698,16.947000000000003,23.27085478887745,244,158,False,True
6445,Somerton Village,32.657338,-97.041131,62.235,64.02,66.879,68.626,4.6440000000000055,7.462039045553154,330,217,False,True
7889,South Bend,41.672666,-86.221274,80.405,80.497,80.732,80.604,0.3269999999999982,0.40669112617374314,274,275,False,True
6665,South Central,45.782078,-108.548616,57.793,58.291,62.147,65.639,4.353999999999999,7.5337843683491075,358,220,False,True
6920,South Kansas City,38.905306,-94.730787,61.31,62.104,70.11,78.01,8.799999999999997,14.353286576414936,316,188,False,True
14130,South Peoria,36.063678,-95.93159,,,109.007,144.228,,,196,,True,True
14762,Spanish Fork,40.103013,-111.636145,,,,55.797,,,,,False,True
5875,Spokane,47.6801,-117.414541,220.842,224.659,246.655,254.836,25.812999999999988,11.688446943968986,88,123,False,True
14068,Spokane Valley,47.65456,-117.242008,,,65.763,67.297,,,335,,True,True
8373,Spring Valley,41.120107,-74.048678,87.299,86.771,85.163,83.338,-2.13600000000001,-2.4467634222614345,256,313,False,True
8463,Springfield,42.108103,-72.578556,129.696,129.516,128.632,127.783,-1.063999999999993,-0.8203799654576802,174,306,False,True
13361,Springfield,37.200781,-93.294372,,,94.901,98.041,,,228,,True,True
7051,St. Louis,38.656981,-90.281024,663.392,662.5,658.825,651.001,-4.567000000000007,-0.6884315759008259,33,323,False,True
8385,Stamford,41.059685,-73.533971,109.725,109.091,107.134,104.896,-2.590999999999994,-2.3613579403053033,201,315,False,True
8039,Sterling Heights,42.461354,-82.952769,435.98,429.987,402.711,384.498,-33.269000000000005,-7.6308546263590085,53,341,False,True
3536,Stockton,37.990323,-121.304615,398.47,406.856,416.108,423.058,17.637999999999977,4.426431098953492,52,155,False,True
6680,Stonebridge,33.180159,-96.702662,113.352,115.996,131.097,136.228,17.745000000000005,15.654774507728142,170,154,False,True
8144,Sugarland Run,39.041923,-77.388576,55.82,61.447,66.8,68.241,10.979999999999997,19.67036904335363,331,175,False,True
4893,Surprise,33.61752,-112.369124,160.204,180.87,223.612,252.103,63.40799999999999,39.57953609148335,99,62,False,True
8361,Syracuse,43.046518,-76.141132,149.948,144.547,142.266,140.083,-7.682000000000016,-5.123109344572796,159,332,False,True
5275,Tacoma,47.215203,-122.470946,289.128,298.583,392.268,410.214,103.13999999999999,35.67278160537893,55,34,False,True
7065,Tallahassee,30.449874,-84.308045,70.804,90.739,129.101,141.699,58.297,82.33574374329133,173,68,False,True
7159,Tampa,28.012266,-82.463846,551.988,629.355,702.372,757.104,150.3839999999999,27.244070523272224,32,21,False,True
14844,The Colony,33.095423,-96.876183,,,,51.653,,,,,False,True
7146,The Reserve of Old Tampa Bay,28.014394,-82.579963,93.327,102.901,132.382,143.155,39.05500000000001,41.84748250774161,168,96,False,True
6381,The Woodlands,30.173051,-95.503314,260.732,286.765,346.674,387.087,85.94199999999995,32.96181519721397,62,46,False,True
12242,Thousand Oaks,34.204554,-118.860015,,56.042,56.495,56.518,,,392,,True,True
7702,Tinley Park,41.589378,-87.815456,58.362,58.131,53.168,52.56,-5.194000000000003,-8.899626469277958,402,325,False,True
7983,Toledo,41.670949,-83.571855,181.194,173.824,144.779,129.781,-36.41499999999999,-20.097243838096183,156,342,False,True
3156,Tracy,37.732507,-121.440132,89.201,90.702,95.692,96.784,6.491,7.276824250849207,226,205,False,True
8333,Trenton,40.22169,-74.753571,175.678,176.258,176.277,175.133,0.5989999999999895,0.3409647195437047,134,261,False,True
8445,Troy,42.741502,-73.689308,63.523,63.468,63.094,62.598,-0.42900000000000205,-0.6753459376918628,352,297,False,True
5063,Tucson,32.240171,-110.910549,422.107,448.11,585.234,649.805,163.127,38.645888364798495,40,18,False,True
4750,Tule Springs,36.300983,-115.285091,68.116,69.289,72.543,73.49,4.427000000000007,6.4992072347172565,303,219,False,True
3741,Turlock,37.508445,-120.850185,69.514,70.384,73.004,73.49,3.490000000000009,5.020571395690091,301,229,False,True
7009,Urbandale,41.615033,-93.65915,166.296,165.858,159.862,156.162,-6.4339999999999975,-3.8690046663780233,146,329,False,True
3269,Vacaville,38.343298,-121.969145,76.355,76.43,76.155,75.405,-0.20000000000000284,-0.26193438543645187,292,291,False,True
2140,Vallejo,38.112839,-122.228185,149.117,149.511,149.308,148.099,0.1910000000000025,0.1280873408129204,153,284,False,True
7955,Valley View,39.973922,-83.154735,135.219,173.877,175.11,175.096,39.89100000000002,29.501031659751973,136,95,False,True
1121,Ventura,34.273502,-119.244913,69.981,72.516,73.222,73.32,3.2409999999999997,4.631257055486489,300,232,False,True
7211,Ventura Bay,27.90783,-82.310522,64.631,75.016,105.292,153.574,40.661,62.9125342327985,205,93,False,True
2727,Verdugo City,34.239716,-118.268429,85.571,87.532,87.934,87.822,2.3629999999999995,2.7614495565086297,249,239,False,True
15511,Villages of Cypress Lakes,29.983169,-95.678594,,,,54.582,,,,,False,True
14821,Waco,31.545987,-97.158388,,,,118.485,,,,,False,True
8123,"Washington, D.C.",38.907142,-77.074338,3270.018,3391.514,3584.023,3725.73,314.0050000000001,9.602546530324913,5,6,False,True
8433,Waterbury,41.555843,-73.035126,97.211,97.124,96.554,95.876,-0.6569999999999965,-0.6758494409068896,224,301,False,True
1006,Watsonville,36.921781,-121.763691,54.86,55.839,60.386,61.237,5.526000000000003,10.072912869121406,364,212,False,True
7819,Waukegan,42.358525,-87.850779,112.414,112.721,112.976,112.819,0.5619999999999976,0.4999377301759546,190,262,False,True
14067,Weslaco,26.165501,-98.014177,,,83.77,98.495,,,261,,True,True
5521,West Boise,43.613253,-116.265498,167.989,170.757,184.984,189.045,16.995000000000005,10.116733833762927,126,157,False,True
7504,West Palm Beach,26.631608,-80.106273,617.035,651.935,721.613,759.941,104.57800000000009,16.948471318482756,29,33,False,True
5646,West Valley City,40.656874,-111.984976,463.325,491.641,543.0,617.046,79.67500000000001,17.19635245238224,41,50,False,True
7614,Westhaven Trails,43.038337,-89.496246,58.347,58.571,58.726,58.611,0.3789999999999978,0.6495621025931029,370,271,False,True
13284,Westside,31.872465,-102.368217,,,65.483,68.134,,,337,,True,True
6830,Westwego,29.87218,-90.110175,81.245,81.388,81.647,81.536,0.402000000000001,0.49479967998030766,268,270,False,True
5994,Wetmore,29.575434,-98.411632,151.443,170.436,203.423,230.104,51.97999999999999,34.32314468149732,112,73,False,True
6695,Wetsel,33.096917,-96.645973,68.942,71.497,74.077,78.064,5.135000000000005,7.448289866844602,296,214,False,True
7684,Wheaton,41.891089,-88.080954,108.584,108.213,107.211,105.938,-1.3730000000000047,-1.2644588521329152,200,310,False,True
8379,White Plains,41.034036,-73.775827,78.743,78.316,76.983,75.427,-1.759999999999991,-2.2351193121928183,289,312,False,True
13321,White Settlement,32.733485,-97.462744,,,81.675,83.911,,,267,,True,True
6740,Wichita,37.677153,-97.311641,214.445,216.435,224.492,227.922,10.046999999999997,4.685117396068921,98,179,False,True
8291,Wilkes-Barre,41.253225,-75.890685,65.809,66.1,66.351,66.259,0.5420000000000016,0.8235955568387326,332,263,False,True
8228,Wilmington,39.745836,-75.561536,127.195,127.561,127.498,126.622,0.3030000000000115,0.23821691104210976,175,278,False,True
4183,Woodland,38.673521,-121.770285,53.114,54.194,56.93,60.633,3.8160000000000025,7.184546447264379,389,226,False,True
14184,Woodruffs Subdivision,28.77505,-81.295302,,,57.626,63.812,,,380,,True,True
8469,Worcester,42.259379,-71.805898,136.651,136.913,136.717,135.862,0.0660000000000025,0.048298219551999255,163,287,False,False
5440,Yakima,46.59459,-120.533744,90.418,93.077,101.312,106.364,10.893999999999991,12.048485920944934,212,177,False,True
8186,York,39.960095,-76.730472,59.869,60.069,60.198,60.071,0.3290000000000006,0.5495331473717627,366,274,False,True
4455,Yuba City,39.128858,-121.631226,60.894,64.778,68.485,73.513,7.591000000000001,12.465924393207871,321,196,False,True
4640,Yuma,32.698096,-114.644392,68.345,71.489,78.023,79.617,9.677999999999997,14.160509181359277,285,180,False,True
6800,Zee Zee Gardens,30.45781,-91.151109,128.537,128.903,129.191,128.879,0.6539999999999964,0.5088029127799749,172,259,False,True
