state,state_name,from_stage,to_stage,n_years,median_ratio,pre_covid_median,recent_median,median_absolute_deviation,min_ratio,max_ratio
AK,Alaska,Grade 1,Grade 2,14,0.9950535693319749,0.9939548502880892,0.9961522883758607,0.00526059313471211,0.9810602362589085,1.0094504365690806
AK,Alaska,Grade 2,Grade 3,14,0.9961573327391886,0.9959295817645263,0.998507314160613,0.008068811317458291,0.9795231971510535,1.0082412060301507
AK,Alaska,Grade 3,Grade 4,14,0.9914391951136388,0.9909109270854373,0.9982257269590932,0.006010447360754068,0.9770854271356784,1.0135189669087974
AK,Alaska,Grade 4,Grade 5,14,0.9977209174920696,0.9973782393869114,0.9981470645601717,0.005378154906377053,0.9757085020242915,1.011070110701107
AK,Alaska,Grade 5,Grade 6,14,0.9954286569931048,0.9952482054392883,0.996974724309554,0.0050841760063305985,0.9827940170104604,1.0069951338199514
AK,Alaska,Grade 6,Grade 7,14,0.9952003319092793,0.9970978441127695,0.9945272119185162,0.0038850942924260057,0.9786149695213351,1.022878932316492
AK,Alaska,Grade 7,Grade 8,14,0.9903758207424536,0.9892767031118587,0.9948227797690163,0.005491352918086334,0.9787,0.9998009950248756
AK,Alaska,Grade 8,Grade 9,14,1.0213034928767581,1.0219289129079194,1.0186148919135307,0.002750563391831218,1.0008440599282549,1.0453840587201488
AK,Alaska,Grade 9,Grade 10,14,0.9636047407877328,0.961527446300716,0.9671478347436535,0.004854938149198074,0.9480383973288815,0.9802867383512545
AK,Alaska,Grade 10,Grade 11,14,1.00292521549789,1.0049547608789315,0.9988359788359789,0.005210211754488214,0.9729671513193322,1.066078431372549
AK,Alaska,Grade 11,Grade 12,14,1.019457990967823,1.0135191783693147,1.0223087446069663,0.013284086741667589,0.8867941879713077,1.0497011290679654
AL,Alabama,Grade 1,Grade 2,14,0.9761923297390671,0.9760262948342172,0.9788604400839935,0.0036549358235554164,0.9609927817089216,0.9865683004640371
AL,Alabama,Grade 2,Grade 3,14,0.9953535550001342,0.9955760169765853,0.9955760169765853,0.003257040518026666,0.9801682692307693,1.0103835558381014
AL,Alabama,Grade 3,Grade 4,14,0.9991493907734028,0.9986093244793659,0.9997966803445344,0.004046874060250671,0.9827994606610546,1.0146220017464653
AL,Alabama,Grade 4,Grade 5,14,0.999763716282583,0.9997066183449823,1.0040835011902582,0.0034739280419147645,0.9881252431618655,1.0159998516815603
AL,Alabama,Grade 5,Grade 6,14,0.9983800362961908,0.9983192682624772,1.0076774447275276,0.006713793524816436,0.9849189392987306,1.022880924687409
AL,Alabama,Grade 6,Grade 7,14,1.006482547337869,1.00622556826408,1.0097542774905388,0.0038508726579669084,0.9968632593747785,1.0173618862805036
AL,Alabama,Grade 7,Grade 8,14,0.9953238791114374,0.9918401450640878,1.0009790618183068,0.00641499313136662,0.977667870767361,1.0043763285283032
AL,Alabama,Grade 8,Grade 9,14,1.0532988964941095,1.053771149985661,1.0457698143197747,0.01174192832276455,1.0290958241445542,1.097988672032546
AL,Alabama,Grade 9,Grade 10,14,0.9319167557849359,0.920153377692568,0.9517242581679974,0.018378629263182067,0.8928850914317655,0.9629002728937096
AL,Alabama,Grade 10,Grade 11,14,0.9360678704847498,0.9288614990025649,0.9480096894320112,0.013484600723319584,0.8810110332384984,0.9595156533367528
AL,Alabama,Grade 11,Grade 12,14,0.9701350806650537,0.9703863315663018,0.9647997032640949,0.005850814343629496,0.9528116700665871,0.9904380565349907
AR,Arkansas,Grade 1,Grade 2,14,0.9790050405267776,0.9789516567083107,0.989859339221459,0.005494769151655976,0.9722333360006401,1.0054684857368361
AR,Arkansas,Grade 2,Grade 3,14,0.9932045057392487,0.9920706666322288,0.9998314180551263,0.0037828963504465962,0.9800616875963869,1.0105373184925701
AR,Arkansas,Grade 3,Grade 4,14,1.000909138207407,1.0007807054231144,1.0013076881163843,0.002277836289302726,0.9821097746439928,1.0112125895742587
AR,Arkansas,Grade 4,Grade 5,14,1.000598431348811,1.0001660210293304,1.0037554215592934,0.0032602947011617367,0.9858790879904228,1.010921310557267
AR,Arkansas,Grade 5,Grade 6,14,1.0020237076190261,1.0018020801153331,1.0022453351227192,0.004366909313468448,0.9917531748959266,1.0129866495004058
AR,Arkansas,Grade 6,Grade 7,14,1.007743878373307,1.0075471698113208,1.0079405869352933,0.0028634330693347865,0.9987382190863676,1.0177051692526613
AR,Arkansas,Grade 7,Grade 8,14,1.001279477857,1.0016294606485254,1.0009294950654748,0.002166510323455051,0.9938911815812337,1.008016400767472
AR,Arkansas,Grade 8,Grade 9,14,1.0400068502627613,1.0391790033078467,1.0387550255723,0.005480744709379093,1.0222052276513807,1.0612936954248735
AR,Arkansas,Grade 9,Grade 10,14,0.9685776374177897,0.9680632951319524,0.9742835955294242,0.0069791155865222,0.9393971668974331,0.9777523789272234
AR,Arkansas,Grade 10,Grade 11,14,0.948508442119129,0.9416138502483058,0.9606110854377905,0.012220136794069636,0.9083479764594315,0.9663563208920382
AR,Arkansas,Grade 11,Grade 12,14,0.9434111637673824,0.943646376642676,0.944612428292876,0.004956753354454668,0.9135385534967125,0.956449148225706
AZ,Arizona,Grade 1,Grade 2,14,0.992454821873223,0.9923676480791914,1.00951250015791,0.011552354027801803,0.9661397085566036,1.0235275088959117
AZ,Arizona,Grade 2,Grade 3,14,1.0025154779537786,1.000477082165476,1.014266014180589,0.011144920194709362,0.9734603482798374,1.0307555243245956
AZ,Arizona,Grade 3,Grade 4,14,1.0041098175986243,1.0041414310679146,1.0091654723048573,0.006085545263104342,0.9748532101260949,1.022812835024558
AZ,Arizona,Grade 4,Grade 5,14,1.0070236944906998,1.006382772569823,1.0132441178841658,0.008299891116048008,0.9838047499701635,1.0262274443978179
AZ,Arizona,Grade 5,Grade 6,14,1.0052004492990678,1.0048379526554583,1.0128017718715394,0.008586757916534016,0.9805980836771576,1.0197978964734997
AZ,Arizona,Grade 6,Grade 7,14,1.008125526478187,1.0069740598991557,1.018348623853211,0.008977930683716218,0.9865071728481456,1.0252765335039766
AZ,Arizona,Grade 7,Grade 8,14,1.0010027521139364,0.998672763908831,1.0114462128304578,0.00814937116096609,0.9827666057282145,1.0195507487520798
AZ,Arizona,Grade 8,Grade 9,14,1.014454539074245,1.0140967691922385,1.0324730260641812,0.00710685637277908,0.998468336437064,1.0439109876665675
AZ,Arizona,Grade 9,Grade 10,14,0.9831400899361871,0.9846996977572885,0.9979141835518475,0.00987013161779493,0.9576528968997149,1.0182754302147594
AZ,Arizona,Grade 10,Grade 11,14,0.960656990313568,0.9600279406982766,0.971261584892062,0.00855253113662302,0.9201542301967724,0.9782854557792354
AZ,Arizona,Grade 11,Grade 12,14,1.0836420841921275,1.0799109131403117,1.1028765550904938,0.01562076119133382,1.0417799080891437,1.12563364495504
CA,California,Grade 1,Grade 2,14,0.9970429842030348,0.9976657349430346,0.996420233463035,0.004929160067041194,0.9687628198979102,1.008180174272214
CA,California,Grade 2,Grade 3,14,1.0001625648286303,1.0004280793725016,1.0004280793725016,0.003129152418526626,0.9843730086150805,1.0057322122899677
CA,California,Grade 3,Grade 4,14,1.0011843097347501,1.001410960286844,1.0013676334554993,0.0007781916577204173,0.9842512075172479,1.0084338633313978
CA,California,Grade 4,Grade 5,14,1.0013088398220358,1.0022519797682647,1.000126867840617,0.0020897065969714967,0.9754448544397023,1.008444488329262
CA,California,Grade 5,Grade 6,14,0.9974721026768435,0.9985407365362295,0.9931205956413833,0.0027947248100553823,0.9800845999267245,1.0236986104509125
CA,California,Grade 6,Grade 7,14,1.0022149573898873,1.0031504238045097,0.9974285545984694,0.0028962289906726557,0.9866372332597498,1.0066646392913896
CA,California,Grade 7,Grade 8,14,1.0024396663325623,1.003105723466039,1.0008284129581226,0.0014734054148576314,0.9864339670268004,1.020874161745839
CA,California,Grade 8,Grade 9,14,1.0482258928436172,1.0485603590633865,1.040172441389303,0.006918883515534491,1.0288374419376924,1.0787248915479348
CA,California,Grade 9,Grade 10,14,0.9868873820479424,0.9781482137080284,0.9947766603335103,0.009779551382199936,0.9388408415203453,1.0059039932942297
CA,California,Grade 10,Grade 11,14,0.9750490944219681,0.9786271948321795,0.9729870709776939,0.007196191054401668,0.9578342240212744,0.9867152728256325
CA,California,Grade 11,Grade 12,14,1.0242126391577497,1.0236823632888483,1.0257394431569045,0.0071890999149961665,0.9781196916642648,1.0407938419647065
CO,Colorado,Grade 1,Grade 2,14,0.9988077362259098,0.999748136954235,0.9979152768512342,0.0020617291727142995,0.9653672857434417,1.0036096665646987
CO,Colorado,Grade 2,Grade 3,14,1.0036846810326807,1.0045349346343904,0.9968775918427087,0.002264435659630193,0.9719435443668993,1.0075726141078838
CO,Colorado,Grade 3,Grade 4,14,1.0041157399936362,1.0045014126773828,0.9969656927519209,0.0013023595691058487,0.9753245557499309,1.008075117370892
CO,Colorado,Grade 4,Grade 5,14,1.0057099171290327,1.0063015461988654,0.9965036091776232,0.0018890317738027296,0.9791301456809527,1.008522060549167
CO,Colorado,Grade 5,Grade 6,14,1.004802279466504,1.0060687193217315,0.9969191879295363,0.002615085013388918,0.982592722183345,1.0106443928474504
CO,Colorado,Grade 6,Grade 7,14,1.0043786309419702,1.0055858987090367,0.9972076139060827,0.002118335635037716,0.985660989918551,1.0114589866594341
CO,Colorado,Grade 7,Grade 8,14,1.0023740632962057,1.0026622804042598,0.9961095898609926,0.0017453675157320658,0.9894685838879309,1.004814064380494
CO,Colorado,Grade 8,Grade 9,14,1.0391166546996535,1.0405891025247251,1.0329383676717658,0.005341818736028792,1.0196278468280768,1.0914817904755418
CO,Colorado,Grade 9,Grade 10,14,0.9774516395778179,0.978875334721809,0.9761981075544531,0.0034311570618532627,0.946926104203578,0.9848525791148742
CO,Colorado,Grade 10,Grade 11,14,0.9776864578706981,0.9769997645027082,0.979579982126899,0.002953745311107925,0.957228259074545,0.981203007518797
CO,Colorado,Grade 11,Grade 12,14,1.0633475433258712,1.0627519778681196,1.0644077871897757,0.004095942160608712,1.0113357525488162,1.0686037494868403
CT,Connecticut,Grade 1,Grade 2,14,0.9905953385782724,0.9900012498437696,0.999450504162431,0.007830328152156285,0.9779942192319837,1.0196090047393365
CT,Connecticut,Grade 2,Grade 3,14,1.0003502848110561,0.9997268098845151,1.0054356733133023,0.005007635824947343,0.9874646067570167,1.0143854748603351
CT,Connecticut,Grade 3,Grade 4,14,1.001075194059741,1.000384004915263,1.006915367784111,0.004312703849584376,0.9923388301774023,1.0220363248463071
CT,Connecticut,Grade 4,Grade 5,14,1.0012043189613036,1.0009636232233197,1.0045018393229235,0.0029294315599413534,0.9922199865861838,1.0194536423841059
CT,Connecticut,Grade 5,Grade 6,14,1.0028104716763824,1.0027898866608544,1.0041097742327971,0.002599953765146046,0.9925862338067738,1.014561250136597
CT,Connecticut,Grade 6,Grade 7,14,1.0036331632626938,1.003544859953068,1.0052413244901508,0.001123098431903724,0.994426488178556,1.0170719228801466
CT,Connecticut,Grade 7,Grade 8,14,1.002159775898887,1.0013344771709083,1.006142191738752,0.0027754639183203422,0.9975361366622865,1.0210188255568031
CT,Connecticut,Grade 8,Grade 9,14,1.067358114086817,1.067063492063492,1.0708540218470706,0.007002407129312216,1.0511573623808597,1.0957419748690034
CT,Connecticut,Grade 9,Grade 10,14,0.9428479581920033,0.9402195832399731,0.9587488560902926,0.008746262818518535,0.9284140969162996,0.9618800888230941
CT,Connecticut,Grade 10,Grade 11,14,0.9668612269079434,0.96664857082163,0.9670738829942568,0.004449468266728429,0.9370478455992348,0.9779116931278248
CT,Connecticut,Grade 11,Grade 12,14,0.9929311784569531,0.9761202039173598,1.0149695299264168,0.023541742088155737,0.9637044232272738,1.05587542528134
DC,District of Columbia,Grade 1,Grade 2,14,0.9740136284871673,0.97436313483693,0.9672742336371168,0.005009350915375632,0.9397774687065369,0.9790776484455577
DC,District of Columbia,Grade 2,Grade 3,14,0.9711943786071051,0.9727614747930775,0.9667792792792793,0.0030131377475487997,0.9389007851534618,0.9928687856560717
DC,District of Columbia,Grade 3,Grade 4,14,0.9644748966115966,0.9651620720993638,0.9651620720993638,0.005729336306578459,0.9403028538147933,0.9783765230822036
DC,District of Columbia,Grade 4,Grade 5,14,0.9818683471715919,0.985354296790868,0.9730900092793071,0.004929106024151975,0.9565352375038808,1.0036709134096307
DC,District of Columbia,Grade 5,Grade 6,14,0.9553980172273688,0.9607558139534884,0.9424,0.013098812811067506,0.9135410044500953,0.9892426850258176
DC,District of Columbia,Grade 6,Grade 7,14,0.9845158146581189,0.9894506369426752,0.9761458510819561,0.00902258927223304,0.9578947368421052,1.0010874293170944
DC,District of Columbia,Grade 7,Grade 8,14,0.9806479346164357,0.9802002730996814,0.9812621530846739,0.005663145863036456,0.9685809041717577,1.0040797824116048
DC,District of Columbia,Grade 8,Grade 9,14,1.3544518677413797,1.4018079096045197,1.2896868841690388,0.05750157765079522,1.2828803808768101,1.4674943566591423
DC,District of Columbia,Grade 9,Grade 10,14,0.728718686042875,0.7120748025149122,0.7684210526315789,0.02802000493286322,0.6819816873773709,0.7771244575108498
DC,District of Columbia,Grade 10,Grade 11,14,0.8743479382274237,0.8691040397201535,0.8795918367346939,0.026258938209841376,0.8210806023029229,0.9777031886837689
DC,District of Columbia,Grade 11,Grade 12,14,0.9205306177017265,0.9248099891422367,0.9336626676076217,0.028922371200997832,0.828356271098416,1.007293566032821
DE,Delaware,Grade 1,Grade 2,13,1.0056839358926575,1.0090445492158184,1.004661237678077,0.008931967388720485,0.9789307866496013,1.01781449044586
DE,Delaware,Grade 2,Grade 3,13,1.0020114653525094,1.0020114653525094,1.0056562778666152,0.003640346006704931,0.9812572087658593,1.0209250024445096
DE,Delaware,Grade 3,Grade 4,13,1.0053009042719052,1.0056751467710372,1.0011498919886206,0.005338461381010573,0.9892813393221723,1.0130480667754005
DE,Delaware,Grade 4,Grade 5,13,1.0121915820029028,1.0133810780248775,1.0171679445353137,0.008213932604285601,0.99257042616861,1.0260820790875946
DE,Delaware,Grade 5,Grade 6,13,1.0036107600649937,1.0052073647015065,1.0022770336500801,0.014725920414847993,0.9796969696969697,1.0359704751013619
DE,Delaware,Grade 6,Grade 7,13,1.0097097198341256,1.0114708603145235,1.007117409151181,0.011337231056322228,0.9885518030910132,1.031434558963612
DE,Delaware,Grade 7,Grade 8,13,0.9985456660849331,0.9985456660849331,1.0042696629363652,0.0038059981697701195,0.9846676270837621,1.016406099208647
DE,Delaware,Grade 8,Grade 9,13,1.1696358653093186,1.1696358653093186,1.1652869793694334,0.014238227102609358,1.0983019733822854,1.2117539026629935
DE,Delaware,Grade 9,Grade 10,13,0.897980056251598,0.8789797395079595,0.9071341668873882,0.019970698531478925,0.8592326559215137,0.9221962226307873
DE,Delaware,Grade 10,Grade 11,13,0.9111685625646329,0.910490365990417,0.9283951020053068,0.016047074333805256,0.8647876219572287,0.935480893483478
DE,Delaware,Grade 11,Grade 12,13,0.9685734825921741,0.9685734825921741,0.9727333330406518,0.015297129315820834,0.9420688138946905,0.9861476238624873
FL,Florida,Grade 1,Grade 2,14,1.00454422489948,1.0016434956921894,1.0084723248658387,0.00581364939828749,0.97385809782504,1.0266283067994355
FL,Florida,Grade 2,Grade 3,14,1.0528747282629212,1.051429152680297,1.060462336544668,0.01065976830671056,0.9898985060901135,1.0949544755534943
FL,Florida,Grade 3,Grade 4,14,0.9502130421415915,0.9492123027168738,0.9491296104401497,0.0036940106240426207,0.9449819089449142,0.9836697762638383
FL,Florida,Grade 4,Grade 5,14,1.0132708632373906,1.0130383122301636,1.0143674554590287,0.003556155154314067,0.9927151717989425,1.030556279728673
FL,Florida,Grade 5,Grade 6,14,1.0168258005886697,1.0167001708714443,1.016951430305895,0.0028684406396379813,0.9944465352805647,1.0259001167018054
FL,Florida,Grade 6,Grade 7,14,1.007545536466318,1.0070311823596156,1.0070311823596156,0.0030447223723490957,0.9898303431705036,1.0160896187551494
FL,Florida,Grade 7,Grade 8,14,1.012190515057007,1.0107814027591702,1.013767528518132,0.006779618334675885,0.9955179086206216,1.0231056576701383
FL,Florida,Grade 8,Grade 9,14,1.0618685916198423,1.0715294777888513,1.0495700651104443,0.011713821037832806,1.0219731503954004,1.09449725011956
FL,Florida,Grade 9,Grade 10,14,0.9810801970741284,0.9739425430105563,0.9886506309219499,0.010331675434157861,0.9173533543677023,0.9955761370103999
FL,Florida,Grade 10,Grade 11,14,0.9594210796318279,0.9580716338756037,0.9625245291093941,0.0033991252407669648,0.9283005943192343,0.9665574725837498
FL,Florida,Grade 11,Grade 12,14,0.9652020203328922,0.9573124845325939,0.974607053702263,0.011082979962867001,0.9087749645341447,0.978676523534071
GA,Georgia,Grade 1,Grade 2,14,0.9975228749004341,0.9969421619349883,1.004009679617201,0.005358894533789016,0.9723495060166154,1.0195951748108771
GA,Georgia,Grade 2,Grade 3,14,1.0080725064954863,1.0080399326544387,1.0088682075145174,0.000998964266169855,0.9752657894121043,1.0157705342982957
GA,Georgia,Grade 3,Grade 4,14,0.9998548750138987,0.99915272023444,1.0008996096608929,0.002183092740101422,0.9822683223462518,1.0155912343327305
GA,Georgia,Grade 4,Grade 5,14,1.005521119254377,1.0044769541247516,1.0081419424243094,0.0034208421587967885,0.9875005712718797,1.0165888938895074
GA,Georgia,Grade 5,Grade 6,14,1.0021184041663647,1.0016491033462747,1.0029040231168886,0.003481611226785808,0.9853897764979316,1.0126579324080414
GA,Georgia,Grade 6,Grade 7,14,1.006997651681969,1.0066228674366855,1.0087527823651898,0.003811556180164599,0.996012243490257,1.014026983204332
GA,Georgia,Grade 7,Grade 8,14,1.0064092834078173,1.0064027088383547,1.0067280219174863,0.0016758389762258075,0.9965477724234637,1.0115185931489283
GA,Georgia,Grade 8,Grade 9,14,1.1420516336479856,1.154903080848471,1.1200424400011955,0.016471913122691584,1.0783362395394818,1.170042872021767
GA,Georgia,Grade 9,Grade 10,14,0.8942676070052956,0.8828746444685014,0.9147324023630243,0.021495548659957675,0.8477694482849659,0.9255180050966632
GA,Georgia,Grade 10,Grade 11,14,0.8937705758436596,0.8814036885245902,0.9081885485700639,0.015918559051434522,0.8527032574312414,0.9269494794245221
GA,Georgia,Grade 11,Grade 12,14,0.9539736542782753,0.9541151039749289,0.9559919852684692,0.011266942354881293,0.9221128274769422,0.974747308735311
HI,Hawaii,Grade 1,Grade 2,14,0.9933318332512914,0.9946434782608695,0.9920201882417132,0.010409867130592831,0.9676564517224978,1.0084816929795095
HI,Hawaii,Grade 2,Grade 3,14,0.9973443613773629,0.998378623775861,0.9937403343397894,0.0037915488803957342,0.9733241663801994,1.0090784044016505
HI,Hawaii,Grade 3,Grade 4,14,0.9891990260519965,0.9915735024194894,0.9818324869465703,0.007427381549943934,0.9704218632863082,1.0083602641562457
HI,Hawaii,Grade 4,Grade 5,14,0.9943601471431558,0.9947332883187036,0.9815871182034804,0.005833704520893046,0.9763679086941927,1.0104778182358625
HI,Hawaii,Grade 5,Grade 6,14,0.9645726157794077,0.9677572631007331,0.9618787405672652,0.005793578111228881,0.949221394719025,0.982217204149319
HI,Hawaii,Grade 6,Grade 7,14,0.9765183667991312,0.9831017649267744,0.9650359127253015,0.010154933985534853,0.9548221290409847,0.9991719984945427
HI,Hawaii,Grade 7,Grade 8,14,0.9599522068544447,0.9604995643334302,0.9564875678765361,0.004934196208370156,0.9499310645091067,0.9846710830380527
HI,Hawaii,Grade 8,Grade 9,14,1.1265311862675014,1.1216359237980043,1.1147381788302084,0.0260150113529527,1.0807435162736023,1.2101855507303592
HI,Hawaii,Grade 9,Grade 10,14,0.9029973340934905,0.9059266872216513,0.9071787216718686,0.011018162434313694,0.8637337703264844,0.9243449708503652
HI,Hawaii,Grade 10,Grade 11,14,0.9124903714517045,0.9133538739009543,0.9244495064540622,0.011271796034473258,0.8807565211277508,0.9322833447462527
HI,Hawaii,Grade 11,Grade 12,14,0.8857587041759192,0.8848088129639977,0.8999660037395887,0.008619633972152985,0.8682879845894534,0.9186858316221765
IA,Iowa,Grade 1,Grade 2,14,1.0019507327865749,1.0015555555555555,1.0063621579983453,0.0025867444568749565,0.9747868724577924,1.0086447136438605
IA,Iowa,Grade 2,Grade 3,14,1.0036188481377244,1.003476307626484,1.0053041320899991,0.0018662807471715448,0.9807790440551114,1.01282521069989
IA,Iowa,Grade 3,Grade 4,14,1.0042587971009314,1.0039484220117625,1.006896927732192,0.003102559818588979,0.9874336935863615,1.009502737355686
IA,Iowa,Grade 4,Grade 5,14,1.005851159259119,1.0054647935681382,1.0073196419167982,0.0020998359402248923,0.9890539053905391,1.0105196778169518
IA,Iowa,Grade 5,Grade 6,14,1.0067046496294028,1.006516419099653,1.0075539756390821,0.002510855455030492,0.9920398009950249,1.0121497644433424
IA,Iowa,Grade 6,Grade 7,14,1.0118388813524501,1.012101305212205,1.0121174333812248,0.0013822282871542857,0.9998702882195761,1.0154608690754456
IA,Iowa,Grade 7,Grade 8,14,1.0047530302346552,1.004514103067347,1.0056561672980127,0.0012776310119591017,0.9959817633876825,1.0079594181777416
IA,Iowa,Grade 8,Grade 9,14,1.0354460930140894,1.0353259338554284,1.0355662521727504,0.0031299284610375455,1.0242216345020818,1.0576095572415356
IA,Iowa,Grade 9,Grade 10,14,0.9914565375378379,0.9909051537462105,0.995883826762796,0.004558479301999208,0.9780775716694773,0.9989132739609838
IA,Iowa,Grade 10,Grade 11,14,0.9813806502168936,0.9809040367416002,0.9824917207917233,0.0030827069646042204,0.9699601217336552,0.989383201746113
IA,Iowa,Grade 11,Grade 12,14,1.0173960775890358,1.017794698251551,1.0080616608110684,0.0028117003796482853,1.006689673480223,1.0239815770666243
ID,Idaho,Grade 1,Grade 2,14,1.0070101121983905,1.0047359801708493,1.0271250109198917,0.013907071410328653,0.9674793353928363,1.0470743111353216
ID,Idaho,Grade 2,Grade 3,14,1.013668759235424,1.012420633081522,1.0246683430156942,0.01221614978797303,0.9779864730969715,1.0404647435897436
ID,Idaho,Grade 3,Grade 4,14,1.0123204380997146,1.0112541682104483,1.0221195396397553,0.010770785928828741,0.9862012284799723,1.035460362602204
ID,Idaho,Grade 4,Grade 5,14,1.011267730075169,1.0112630359212051,1.022144021972363,0.00650048635484457,0.9853089505766786,1.032329292171812
ID,Idaho,Grade 5,Grade 6,14,1.0158734414990482,1.0154427545021927,1.022420392882682,0.006609813300851197,0.9985629603017784,1.038842410790507
ID,Idaho,Grade 6,Grade 7,14,1.0128639330458735,1.0117867987853604,1.017585668501931,0.004709240688630656,1.0007544772267005,1.0357323445137367
ID,Idaho,Grade 7,Grade 8,14,1.0027326350363566,1.0012748713745845,1.0132883696655828,0.006637966438237275,0.9944452494807516,1.028369089772964
ID,Idaho,Grade 8,Grade 9,14,1.0363608010169334,1.042017188849984,1.0161900674911246,0.010295988532380451,1.0054693513754407,1.061882787263498
ID,Idaho,Grade 9,Grade 10,14,0.9805953143033723,0.9689464127752688,0.9939177933599349,0.01900446289792662,0.939714193815191,1.0103817958388068
ID,Idaho,Grade 10,Grade 11,14,0.9727368554084752,0.9735954232066891,0.9718782876102614,0.009683046821587438,0.9332367062233898,1.0086008072266
ID,Idaho,Grade 11,Grade 12,14,0.9797126513854735,0.9749077848961367,0.9828133838054214,0.014368142040950715,0.9470249154399505,1.0174379287025408
IL,Illinois,Grade 1,Grade 2,13,0.9960459369094345,0.9960459369094345,0.9966276403851816,0.0011634069514940837,0.9668425814234017,0.9999792554074238
IL,Illinois,Grade 2,Grade 3,13,1.007672044781034,1.0077605173678246,0.9994335334082172,0.0029352763504137958,0.9756272294443367,1.0123913129266913
IL,Illinois,Grade 3,Grade 4,13,0.9889863010056564,0.9889863010056564,0.9895932910908614,0.0017208767154149873,0.9817319719579952,0.9927327386203967
IL,Illinois,Grade 4,Grade 5,13,0.9976163824323434,0.9983654896012448,0.9947928238378626,0.0020864093435748465,0.9853757441546116,1.001496065541919
IL,Illinois,Grade 5,Grade 6,13,1.00385017868778,1.0040987934630514,0.994690151273792,0.0024307512794401465,0.9879670765845439,1.0087140561514443
IL,Illinois,Grade 6,Grade 7,13,0.995660836542576,0.9960153246475865,0.9946144292085883,0.001516320938599769,0.9911128055794753,0.9992793658419409
IL,Illinois,Grade 7,Grade 8,13,0.9961267302042088,0.9964148579010501,0.992569939658739,0.0014025475235215357,0.990561229690335,0.9988024184673546
IL,Illinois,Grade 8,Grade 9,13,1.0693546068707775,1.0740596980165353,1.0500069096701594,0.013441126251648061,1.0414680390032502,1.107897182178914
IL,Illinois,Grade 9,Grade 10,13,0.9642871851594721,0.9637480971979477,0.9709332417941181,0.004991653134367557,0.9579239329388117,0.9807492329220854
IL,Illinois,Grade 10,Grade 11,13,0.9449703607082435,0.9341726663902397,0.955754923347272,0.01167057773714919,0.8720351860205607,0.968981968981969
IL,Illinois,Grade 11,Grade 12,13,0.9933005421794422,0.9885141982791169,0.9974065416982876,0.009189601773523237,0.9427965555469616,1.0234932349323493
IN,Indiana,Grade 1,Grade 2,14,0.9841950424409351,0.9835024282942623,0.9925947322811901,0.0077942468220087435,0.9737951030136246,0.9994901997611988
IN,Indiana,Grade 2,Grade 3,14,1.0077448124454798,1.0101547630972654,1.0058083645865772,0.006632597204745627,0.9825838145757663,1.0316889905259718
IN,Indiana,Grade 3,Grade 4,14,0.9919059817201189,0.9756783748234034,1.0024466458347185,0.011619688732790068,0.96234778621287,1.0041706603113747
IN,Indiana,Grade 4,Grade 5,14,1.0062352466417388,1.0080388461010348,1.004788496995583,0.004550858935096658,0.9882881023630172,1.0277699464336059
IN,Indiana,Grade 5,Grade 6,14,1.007207530440465,1.0061013046815042,1.008690664704929,0.0021897213227826118,0.996755992577913,1.0105335558074664
IN,Indiana,Grade 6,Grade 7,14,1.008625867342761,1.0090731538480555,1.0085299713941778,0.0025354925985399124,1.0004540211549318,1.0121253371650407
IN,Indiana,Grade 7,Grade 8,14,1.0009561070696291,1.000631727902158,1.006214196762142,0.003613651408774121,0.9957211490341307,1.0099530066899323
IN,Indiana,Grade 8,Grade 9,14,1.0296167324235577,1.0321162644657755,1.0234649537124505,0.005282425764098986,1.0179828958279187,1.0415584736750996
IN,Indiana,Grade 9,Grade 10,14,0.9807684649728855,0.9800505198848617,0.9890941597139452,0.006986851422481344,0.9570252430859495,0.9969479928130154
IN,Indiana,Grade 10,Grade 11,14,0.9785269142140246,0.9666596144512339,1.0059736715955603,0.02134316693125793,0.9533305048790836,1.0217190503532467
IN,Indiana,Grade 11,Grade 12,14,0.96484183591905,0.9647275732722995,0.9712620505113448,0.006424193399555467,0.9313732669400507,1.0071301247771836
KS,Kansas,Grade 1,Grade 2,14,0.9948099465203035,0.9941922290388548,0.9992687180064128,0.005099808977347853,0.9620570711821887,1.0134611948299481
KS,Kansas,Grade 2,Grade 3,14,0.9993468274880286,0.9982995995831276,1.0003940553929296,0.003230238578169786,0.9714019798629325,1.01278283867176
KS,Kansas,Grade 3,Grade 4,14,1.0007847842355,0.9997289091303405,1.0018406593406592,0.005347427206996047,0.9729615665972652,1.013820162211226
KS,Kansas,Grade 4,Grade 5,14,1.0009021273775398,1.0006102090629312,1.003606486251966,0.00267383400443727,0.9784188444346944,1.0111200505718063
KS,Kansas,Grade 5,Grade 6,14,0.9984961400970658,0.9978257987538115,1.0003710378458603,0.005077231758382095,0.9797357542352274,1.0106064961195746
KS,Kansas,Grade 6,Grade 7,14,1.0040484955045004,1.003992680086508,1.0044110222411182,0.003793182281222607,0.9885815715572511,1.0166661706496831
KS,Kansas,Grade 7,Grade 8,14,1.0015303380195388,1.001727115716753,1.0027978486445375,0.004348267925799898,0.9900526468954205,1.0137363401273531
KS,Kansas,Grade 8,Grade 9,14,1.0409270143340037,1.0425423872259993,1.0277533039647577,0.010909386759113127,1.0113497846520574,1.0897398591631264
KS,Kansas,Grade 9,Grade 10,14,0.9646900076032522,0.9634061462683371,0.9726746678096871,0.00699658706867945,0.9478789516346934,0.9794070512820513
KS,Kansas,Grade 10,Grade 11,14,0.9630866406812688,0.962192499930193,0.966772504456328,0.0035559146493223115,0.9420671863608323,0.9818718613763038
KS,Kansas,Grade 11,Grade 12,14,0.9852651966456023,0.9857547283459824,0.9868629541067673,0.0041580421822206,0.9644257037652928,0.991893589084889
KY,Kentucky,Grade 1,Grade 2,14,0.9686633598130985,0.970423833526193,0.966902886100004,0.009345067173361699,0.9294378555587697,1.0008535700567625
KY,Kentucky,Grade 2,Grade 3,14,0.9970316001486097,0.9989467319432795,0.9923401847248328,0.01207409359314393,0.9556421758634206,1.0310654336338203
KY,Kentucky,Grade 3,Grade 4,14,0.9920793466258,0.9916555600625833,0.9992015579357352,0.01200461525394314,0.9601316825884111,1.015213849287169
KY,Kentucky,Grade 4,Grade 5,14,1.0005916902309782,1.0021044614582917,0.9985858431432503,0.003147084946338752,0.9695668746363874,1.0195380659381026
KY,Kentucky,Grade 5,Grade 6,14,0.9988126921887669,0.9993627782866701,0.996183713379787,0.0064035099932937545,0.9709125074300615,1.012458376392238
KY,Kentucky,Grade 6,Grade 7,14,1.0002888981973548,1.001255330171761,0.9972603811983876,0.006176326368477925,0.9778092807863151,1.0158546017014694
KY,Kentucky,Grade 7,Grade 8,14,0.9996225917297084,1.001294975495079,0.9979502079643376,0.0068232516661115294,0.981409078468937,1.0162670224873436
KY,Kentucky,Grade 8,Grade 9,14,1.0735402898501523,1.0716395864106352,1.0856130376370257,0.010833291639806175,1.0405282771137843,1.103285817830394
KY,Kentucky,Grade 9,Grade 10,14,0.9479930275975306,0.9481658692185008,0.9531357684355617,0.009397318388958797,0.9092099128501238,0.965771409280168
KY,Kentucky,Grade 10,Grade 11,14,0.9412089331401501,0.9420320690122048,0.9427019794577152,0.00512874427539739,0.9035532017332691,0.9578764107900424
KY,Kentucky,Grade 11,Grade 12,14,0.9359387222897688,0.9361243429697766,0.93719867521905,0.0034870727778025246,0.9108797009468647,0.9656439156752243
LA,Louisiana,Grade 1,Grade 2,14,0.9688057383489037,0.9691975095122795,0.9657781441788037,0.002683049144731109,0.9451946717551649,1.0333857784258798
LA,Louisiana,Grade 2,Grade 3,14,0.9895433108000464,0.9902202774972886,0.9873854733767096,0.0038459467443393014,0.9622522745913366,1.0325843579369132
LA,Louisiana,Grade 3,Grade 4,14,1.0014603736800913,1.01124857287241,0.9892772041302621,0.02680675584095421,0.9721624529316837,1.1083852136483716
LA,Louisiana,Grade 4,Grade 5,14,0.9727284180719736,0.9400387528624273,0.9839348079161816,0.02442425701282125,0.868678387124989,1.0416066538188458
LA,Louisiana,Grade 5,Grade 6,14,1.016182067510861,1.0283596208421013,1.0015147143681478,0.021315366371333133,0.9823593453028989,1.0548336167111976
LA,Louisiana,Grade 6,Grade 7,14,0.9967948227356662,0.996885127835794,0.9947297850944169,0.008109131318588092,0.9859496215038414,1.0469943408920022
LA,Louisiana,Grade 7,Grade 8,14,0.99074751273592,0.99321377547184,0.9796893893591294,0.013024729029468995,0.958448957089038,1.0438568080931243
LA,Louisiana,Grade 8,Grade 9,14,1.0967800695599985,1.0969934492029232,1.086457814714105,0.011468844904490405,1.0590042091691632,1.1880776162902174
LA,Louisiana,Grade 9,Grade 10,14,0.8746560379599208,0.8650939303947413,0.9075382907097661,0.028882575008555178,0.8115320254922206,0.9547096510359869
LA,Louisiana,Grade 10,Grade 11,14,0.9124412592729421,0.9119852837130324,0.9238518804988881,0.008589784176403215,0.8947782028745734,0.9374647996737294
LA,Louisiana,Grade 11,Grade 12,14,0.9466377708503103,0.9454293977115554,0.9403060049814764,0.004900952128253089,0.9105259886888608,1.007465218866644
MA,Massachusetts,Grade 1,Grade 2,14,1.0001213183577216,0.9979701442043388,1.0035633110931887,0.004301500707290795,0.9678652614176483,1.0229881392679505
MA,Massachusetts,Grade 2,Grade 3,14,1.0036125068441464,1.0040985362370582,1.0070666218919273,0.0017135971818267315,0.9733072245697207,1.0170018821845785
MA,Massachusetts,Grade 3,Grade 4,14,1.004390654713958,1.0055962305183037,1.0055962305183037,0.001864569287313711,0.9777197563098347,1.0148538936357832
MA,Massachusetts,Grade 4,Grade 5,14,1.0053713939092779,1.0054623156822233,1.0052804721363322,0.001913226870417839,0.9805077781462205,1.012070592946426
MA,Massachusetts,Grade 5,Grade 6,14,1.004356861095096,1.0049541181106796,1.0037596040795123,0.0024615730446347905,0.9833850648165053,1.0075026343519493
MA,Massachusetts,Grade 6,Grade 7,14,1.006454164934146,1.0064542042353983,1.0060464926257302,0.0010771844482800885,0.9860257964342627,1.010389211953869
MA,Massachusetts,Grade 7,Grade 8,14,1.0022950954852838,1.0026470958977016,1.004546405411059,0.0027798848998769055,0.9908494077834179,1.0132097985540816
MA,Massachusetts,Grade 8,Grade 9,14,1.0655206610117194,1.0688381834215168,1.0575563457254729,0.005520309182797556,1.021229817931982,1.0789813158004244
MA,Massachusetts,Grade 9,Grade 10,14,0.9600154879904257,0.9547732774978734,0.9656268986646328,0.009062822915359814,0.9241379310344827,0.9772670953269078
MA,Massachusetts,Grade 10,Grade 11,14,0.9723049464341921,0.9710229159747592,0.9749198642722067,0.005716310728532459,0.9569432255451292,0.9892679450102112
MA,Massachusetts,Grade 11,Grade 12,14,0.9818055038313003,0.96961664529001,0.9910305264750795,0.012496830015980398,0.950485219677266,0.9962254090309545
MD,Maryland,Grade 1,Grade 2,14,1.0058297155905382,1.0063007449235137,1.0083986562150056,0.003111665968224875,0.9725817696808027,1.025481534413876
MD,Maryland,Grade 2,Grade 3,14,1.004968473241505,1.0053102114573755,1.002242856502041,0.0022359528447934984,0.9725510817307692,1.0170110312052496
MD,Maryland,Grade 3,Grade 4,14,1.00692421630111,1.0076309067688378,1.006217525833382,0.0024204435936169277,0.9789068150619216,1.015170472317798
MD,Maryland,Grade 4,Grade 5,14,1.0022174495723295,1.002645344492602,1.0013792122849423,0.0031758703371208563,0.9796825116593841,1.0128017670482827
MD,Maryland,Grade 5,Grade 6,14,0.9998649522516909,1.0006170495538258,0.994634251600374,0.004504186318530834,0.9787497124453646,1.0063541581150972
MD,Maryland,Grade 6,Grade 7,14,1.0068914978376968,1.0069450186027284,1.0026991157040814,0.0021922754261883837,0.9885962299476618,1.0093141650516329
MD,Maryland,Grade 7,Grade 8,14,1.00215929011007,1.0026223073086762,1.0015708163669914,0.0018771697600818982,0.9940745204378829,1.0070028634589991
MD,Maryland,Grade 8,Grade 9,14,1.1513732454086605,1.1502358717627803,1.1564698358558942,0.022926074595330026,1.0976589616719592,1.1988814898094498
MD,Maryland,Grade 9,Grade 10,14,0.9113887360352874,0.9155706770356816,0.9138775510204081,0.011187913259054216,0.8762503606809656,0.9478485972154201
MD,Maryland,Grade 10,Grade 11,14,0.9228376781072916,0.9228795942738357,0.9199922568348323,0.0028264916722191558,0.8779409010358887,0.9279320845252376
MD,Maryland,Grade 11,Grade 12,14,0.979632166727111,0.979503324011588,0.9831278175550252,0.005415446526314149,0.9588402754584348,1.0012964208937098
ME,Maine,Grade 1,Grade 2,14,0.9958935409866532,0.9952069020610321,1.0036597979155064,0.007659571572999346,0.9446197538655727,1.0207794447318503
ME,Maine,Grade 2,Grade 3,14,1.0037343698797545,1.0035895901884535,1.007093316519546,0.005936683989993807,0.9534435703965324,1.0162475506205095
ME,Maine,Grade 3,Grade 4,14,1.0049592123035542,1.0045185185185186,1.0084553827570588,0.005932072318378057,0.9620213433772756,1.028469455511288
ME,Maine,Grade 4,Grade 5,14,1.005678879796768,1.006463795482606,1.0091331037580475,0.004744092472408257,0.9711995018292209,1.0173573623453203
ME,Maine,Grade 5,Grade 6,14,1.0043834309495208,1.003806838209376,1.0049600236896654,0.00456036774256513,0.9706231454005935,1.0146915584415583
ME,Maine,Grade 6,Grade 7,14,1.0103940342369446,1.0085681092070868,1.0127636808315499,0.005398686835066169,0.9848987108655617,1.020165312811743
ME,Maine,Grade 7,Grade 8,14,1.001324295082286,1.0006272214091574,1.004159066034294,0.003959654005855517,0.9826493880489561,1.011864289183376
ME,Maine,Grade 8,Grade 9,14,1.0226686018314672,1.022478386167147,1.022478386167147,0.0030073588428313203,1.0068568294020845,1.0372652364338208
ME,Maine,Grade 9,Grade 10,14,0.9900414329328727,0.9898894580749528,1.0013754162443897,0.005933923626170845,0.9589486858573216,1.0077358355418666
ME,Maine,Grade 10,Grade 11,14,0.9846378486210086,0.9789219524928218,0.990803450488344,0.007140681019601303,0.9266239477321272,0.9941906905816571
ME,Maine,Grade 11,Grade 12,14,0.991309142998702,0.9902177793645127,1.0017497812773404,0.010764609599893948,0.9359116022099447,1.0383050847457627
MI,Michigan,Grade 1,Grade 2,14,0.9899469519226901,0.9899261947287349,0.9921780986762936,0.003177798519212627,0.9583103362959862,1.007661595997372
MI,Michigan,Grade 2,Grade 3,14,0.9971819125833656,0.9964806345576676,1.0005918684906399,0.003265229337328146,0.9691684233830989,1.006240234181847
MI,Michigan,Grade 3,Grade 4,14,1.000631344797037,1.00061710539003,1.00061710539003,0.0010672249629404829,0.9737155941420598,1.0039922185570498
MI,Michigan,Grade 4,Grade 5,14,1.0015990358456004,1.0011894493122078,1.0020086223789928,0.0017100586257945971,0.9792529920789408,1.0091216786270831
MI,Michigan,Grade 5,Grade 6,14,1.0056524372607365,1.0056997136721546,1.0046151878056702,0.0012026759484035088,0.9860420631989621,1.0136752425707427
MI,Michigan,Grade 6,Grade 7,14,1.0060073899949724,1.0071968119907215,1.0028937650901861,0.0024727747477886197,0.9899512284899237,1.0121548255410278
MI,Michigan,Grade 7,Grade 8,14,0.9989920416527132,0.9988108224101858,0.9992935358530555,0.0014608640220978852,0.9821230804833297,1.0030880773361976
MI,Michigan,Grade 8,Grade 9,14,1.0853023499294023,1.0848537096008022,1.082598537270945,0.005054274800954661,1.055573279452686,1.13695355467078
MI,Michigan,Grade 9,Grade 10,14,0.9744044583008671,0.9778886440144341,0.9660406504747593,0.01229810016877425,0.9464203266065734,0.997564611938085
MI,Michigan,Grade 10,Grade 11,14,0.9181998502974844,0.9073386190535647,0.9399415955274923,0.01634298975013576,0.8876859038603627,0.9453453610039281
MI,Michigan,Grade 11,Grade 12,14,1.0020487836347478,0.9948565827934046,1.0086575469098602,0.007300664292249737,0.9711135121393162,1.0096248963986847
MN,Minnesota,Grade 1,Grade 2,14,1.0026761350128055,1.0029720395829183,1.0009761012626341,0.001761859954954037,0.9682316778230273,1.00956573546935
MN,Minnesota,Grade 2,Grade 3,14,1.0046318243708519,1.0050363119671613,1.0045759267851715,0.0015052224180874818,0.9726902872819666,1.009666797571217
MN,Minnesota,Grade 3,Grade 4,14,1.0036380379463006,1.004435430681968,1.0017653325216862,0.0015158109944649611,0.9748636100733145,1.0080039479974707
MN,Minnesota,Grade 4,Grade 5,14,1.0058139883183317,1.0071901111348227,1.002424657126707,0.0020753578174125265,0.9805106906629749,1.0090479526584881
MN,Minnesota,Grade 5,Grade 6,14,1.007384973044753,1.0084100725287262,1.0030521598046618,0.0022246695191754373,0.9836804452712615,1.013039351455646
MN,Minnesota,Grade 6,Grade 7,14,1.0149910323605402,1.0160679169264712,1.0090599337384396,0.004060110832114772,0.9929995726054854,1.0199515722435983
MN,Minnesota,Grade 7,Grade 8,14,1.0040534107970664,1.0043431746690725,1.0019047043173297,0.0008239419894300326,0.9917792645065372,1.0080198943114702
MN,Minnesota,Grade 8,Grade 9,14,1.0343081848259248,1.0352259070386851,1.0301019269399598,0.003825276057893068,1.015301810417686,1.0471327319587629
MN,Minnesota,Grade 9,Grade 10,14,1.003082483664322,1.003183818709617,1.0029811486190268,0.0032397944316316374,0.9931307639467415,1.0079969765684051
MN,Minnesota,Grade 10,Grade 11,14,0.9956054283881854,0.9958772262220538,0.9953336305543171,0.001898040715363869,0.9903746636307182,1.000488206755561
MN,Minnesota,Grade 11,Grade 12,14,1.0894282407344977,1.0878601794992915,1.085216808973715,0.0035390565934108054,1.0801335813840007,1.0996969380290522
MO,Missouri,Grade 1,Grade 2,14,0.994635134112286,0.9944836783560149,0.9966716366210334,0.004821417009082174,0.9585501716901946,1.0134542681958256
MO,Missouri,Grade 2,Grade 3,14,0.9994716350499382,0.9990943777187227,1.0016807722627954,0.0030250965829538567,0.9688519094206212,1.0137719116687098
MO,Missouri,Grade 3,Grade 4,14,1.0011512850338433,1.0008831236517888,1.0014194464158979,0.002632425388399584,0.9727360657719744,1.0117787479976128
MO,Missouri,Grade 4,Grade 5,14,1.000036141575638,0.9999256770817849,1.0007632616715432,0.002303720673356824,0.9769364600217103,1.0105679289038303
MO,Missouri,Grade 5,Grade 6,14,0.9988159409582416,0.9987899000929711,1.000900875538414,0.0019185414502253528,0.9804689199182217,1.0069304750018353
MO,Missouri,Grade 6,Grade 7,14,1.001800644479902,1.0018649479306538,1.0000907029478459,0.0013664143267254625,0.9858289564958874,1.0083993175554486
MO,Missouri,Grade 7,Grade 8,14,0.9973168369319403,0.9972134111997154,0.9974202626641651,0.001918504576313873,0.9874156226659715,1.0018516069303003
MO,Missouri,Grade 8,Grade 9,14,1.040473049939879,1.041110510080262,1.0328150717140843,0.008680523040069943,1.0194599924596155,1.101616933705718
MO,Missouri,Grade 9,Grade 10,14,0.965487762315407,0.9605335282294902,0.9709167484810973,0.007416733466404091,0.9312944504490079,0.9731836652353094
MO,Missouri,Grade 10,Grade 11,14,0.9586484143376625,0.956932680753788,0.9646564105601374,0.0054045771332543735,0.9401101805737181,0.973703714683822
MO,Missouri,Grade 11,Grade 12,14,0.973583941056262,0.9714703730797366,0.9757311473389011,0.0029202590025934616,0.9644005683942861,0.986768994627782
MS,Mississippi,Grade 1,Grade 2,14,0.9671730942463193,0.9671680537527678,0.963996650851242,0.0050708946518483455,0.9202768520892078,0.9859989560625134
MS,Mississippi,Grade 2,Grade 3,14,0.983191986702874,0.9848045412855407,0.9763794666153973,0.008108442497744894,0.9328025477707006,1.02142313063349
MS,Mississippi,Grade 3,Grade 4,14,0.9805893270530546,0.9817431168065199,0.9497391525639395,0.011741894230306471,0.9295901431826493,0.997057936028968
MS,Mississippi,Grade 4,Grade 5,14,0.9893749444447493,0.9899509478987141,0.9900462962962963,0.0023436194725345305,0.9574532469890455,0.9971941638608305
MS,Mississippi,Grade 5,Grade 6,14,0.9941743686764537,0.9939642283625892,0.994414568882654,0.0023591554619503685,0.9596304424395133,1.0170986093552465
MS,Mississippi,Grade 6,Grade 7,14,1.0009085720605186,0.999636698991141,0.999636698991141,0.0051055556648440525,0.9637128376613198,1.01279463116543
MS,Mississippi,Grade 7,Grade 8,14,0.9783576946336368,0.977655607870887,0.9821239036925311,0.004765532463429367,0.9660618718183005,0.9872239306681577
MS,Mississippi,Grade 8,Grade 9,14,1.025084639088019,1.0280503383979778,1.014581494033549,0.010437028004751991,0.979214453600657,1.060043812188234
MS,Mississippi,Grade 9,Grade 10,14,0.931134674198284,0.9304034952454382,0.9367407366411158,0.006171185218701247,0.893800286292512,0.9423060238873304
MS,Mississippi,Grade 10,Grade 11,14,0.9107345222407535,0.8988576598993383,0.9185808779314492,0.011196016600785064,0.8719867458235537,0.9230155682254586
MS,Mississippi,Grade 11,Grade 12,14,0.9271149838322492,0.9287681522283425,0.9242320819112628,0.0052875922907239525,0.9107377180348856,0.9482984293193717
MT,Montana,Grade 1,Grade 2,14,0.9968088209757348,0.996773598820059,1.002916224814422,0.0037841596842679848,0.9475994031422803,1.0269354099862575
MT,Montana,Grade 2,Grade 3,14,1.002598979658236,1.0019064911484339,1.0084425292410517,0.0021597213446130636,0.9535641906775928,1.0326972952945535
MT,Montana,Grade 3,Grade 4,14,1.0056489533410327,1.0043018797344057,1.0136741442488157,0.005240031242924159,0.9632859509897969,1.0338199963038255
MT,Montana,Grade 4,Grade 5,14,1.007288394056644,1.006891548784911,1.0086494818874712,0.003779015676196873,0.964821019220596,1.0311424950208221
MT,Montana,Grade 5,Grade 6,14,1.0054455373974327,1.0051396833291883,1.0051396833291883,0.0020861433559140607,0.9743589743589743,1.0245819245179566
MT,Montana,Grade 6,Grade 7,14,1.0051136853789444,1.0047380654389415,1.0041730539942089,0.0025672440377694228,0.9799587628865979,1.0211746253049843
MT,Montana,Grade 7,Grade 8,14,1.0016600829152837,1.001035391566265,0.9935937360975176,0.004080066556986173,0.984479687897549,1.0167480222184817
MT,Montana,Grade 8,Grade 9,14,1.032414942953814,1.0336463937266345,1.0301782036357123,0.012646474956215514,1.0177156971297163,1.0617998163452709
MT,Montana,Grade 9,Grade 10,14,0.9668428086281067,0.9529140014214641,0.9716620305980529,0.014127985480581029,0.928219320245611,0.9919724770642202
MT,Montana,Grade 10,Grade 11,14,0.954168732073595,0.9549054318457095,0.9462563160312356,0.0052924587356361075,0.9232547799021787,0.9875023143862248
MT,Montana,Grade 11,Grade 12,14,0.9523208901175368,0.9546297199726803,0.9383797893166775,0.0043096616258864184,0.9181588075372644,0.9851205237575638
NC,North Carolina,Grade 1,Grade 2,14,0.9927812821864203,0.9920858394841634,0.9974395668816166,0.002531623003797945,0.9620579832730599,1.0177802319160685
NC,North Carolina,Grade 2,Grade 3,14,1.0014065132239174,1.0002990507275478,1.006342806996203,0.0038354282530562722,0.9696972316096076,1.011563123205838
NC,North Carolina,Grade 3,Grade 4,14,1.0022399714480046,1.0018732843682765,1.0064709919513695,0.005573702502775946,0.9744692240612669,1.0148836795516214
NC,North Carolina,Grade 4,Grade 5,14,1.002962852880887,1.0025154864985113,1.0071003093529916,0.002281819884305536,0.9782111064010174,1.0165693993039258
NC,North Carolina,Grade 5,Grade 6,14,1.0038428068994258,1.0026041890486546,1.006916276651066,0.003050141589506894,0.9806383621851692,1.0152999314141005
NC,North Carolina,Grade 6,Grade 7,14,1.0043576514384203,1.0042010682716462,1.00597790037372,0.0016581533295879636,0.9831170082888904,1.0126960353939645
NC,North Carolina,Grade 7,Grade 8,14,1.00408320599964,1.0036584847066832,1.005139512906809,0.0023842530859631283,0.9894983153882648,1.0083644042630415
NC,North Carolina,Grade 8,Grade 9,14,1.118265957926543,1.1182002072954629,1.1087518246189834,0.014902834615027616,1.0604433668167648,1.1609767989923205
NC,North Carolina,Grade 9,Grade 10,14,0.917989535550195,0.914609926927625,0.9273401097971674,0.010830705127326812,0.8512717180549747,0.9328294026211761
NC,North Carolina,Grade 10,Grade 11,14,0.9276185891974763,0.9236952095166648,0.9350368948744251,0.010021400574861339,0.900370197318765,0.9417468480424684
NC,North Carolina,Grade 11,Grade 12,14,0.9327814275781517,0.9325617821092934,0.9348143429678584,0.0064553700370947875,0.906251273067992,0.9409994678535146
ND,North Dakota,Grade 1,Grade 2,14,1.0008585734320719,1.0009154365488042,1.0009154365488042,0.0036790677846499364,0.9641495041952708,1.0251296370163543
ND,North Dakota,Grade 2,Grade 3,14,1.006378273187851,1.0044462970682229,1.0083102493074791,0.004300632104587754,0.9676649305555556,1.0313751668891855
ND,North Dakota,Grade 3,Grade 4,14,1.0029307310915216,1.0022828444241525,1.001577287066246,0.0027944459596365157,0.9710013593112823,1.0208880896389543
ND,North Dakota,Grade 4,Grade 5,14,1.008641127603223,1.0088828151691152,1.0083994400373308,0.006212390652224675,0.9788643893522221,1.037564029595902
ND,North Dakota,Grade 5,Grade 6,14,1.017676391978014,1.0182340272792534,1.0095704948646125,0.007488477197424959,0.9814068100358423,1.0441030018494808
ND,North Dakota,Grade 6,Grade 7,14,1.0199694771496706,1.0244453864631906,1.0061807580174926,0.010234342787457718,0.9956487783108334,1.0535792072019747
ND,North Dakota,Grade 7,Grade 8,14,1.0068639115556726,1.0071071334561728,1.0002241147467503,0.003797750848828052,0.9917058955391168,1.0237510237510237
ND,North Dakota,Grade 8,Grade 9,14,1.0368089358151438,1.0361990950226245,1.0358831373499817,0.007137973322414726,1.0170821791320406,1.0505984766050054
ND,North Dakota,Grade 9,Grade 10,14,0.983982439442695,0.993334187924625,0.973643594918675,0.011117196113352323,0.959598141946635,1.014891934633632
ND,North Dakota,Grade 10,Grade 11,14,0.9642043970149997,0.9661891857013808,0.9588496609773206,0.006474867034271914,0.9458967355963064,0.9911093418259024
ND,North Dakota,Grade 11,Grade 12,14,0.9961642570187457,0.996415770609319,0.9952140732117449,0.005178283924543281,0.9791583698393734,1.0131995050185618
NE,Nebraska,Grade 1,Grade 2,14,1.0017110520428583,1.0009208103130756,1.0031888869474053,0.0051547544864376516,0.9784950870539563,1.0081180811808117
NE,Nebraska,Grade 2,Grade 3,14,1.0049873467993788,1.0046834490256753,1.005965599825822,0.001563651428781121,0.9867934268261206,1.0102180136533803
NE,Nebraska,Grade 3,Grade 4,14,1.0058571277365758,1.005823927765237,1.0064518941540608,0.00213710742010198,0.98930828499697,1.0096350874133495
NE,Nebraska,Grade 4,Grade 5,14,1.0050729035301667,1.0051578394383687,1.0049879676219646,0.0020518060856082876,0.9862824062421344,1.009355914583965
NE,Nebraska,Grade 5,Grade 6,14,1.0032718667700566,1.00317389360751,1.0033698399326032,0.002525374644060552,0.9888091822094691,1.009229831512038
NE,Nebraska,Grade 6,Grade 7,14,1.0087233917693208,1.0093462044756472,1.0068354430379747,0.0018327557971322683,0.9993417534043691,1.0140969552344337
NE,Nebraska,Grade 7,Grade 8,14,1.0056486460564802,1.0058786681443648,1.0049482115150752,0.0018371853213388079,0.9927662541397944,1.0091794944216919
NE,Nebraska,Grade 8,Grade 9,14,1.0313978694491157,1.0305437853107344,1.0365081388924307,0.005322984434879441,1.0087210515334863,1.086220059165951
NE,Nebraska,Grade 9,Grade 10,14,1.0071448644843113,1.0079192482868984,1.0079192482868984,0.007887509953879601,0.9540130526861736,1.0170892581805722
NE,Nebraska,Grade 10,Grade 11,14,0.9874222880837449,0.9884430314487025,0.9864015447187873,0.006677625223950823,0.9514580369843528,0.99539338654504
NE,Nebraska,Grade 11,Grade 12,14,1.0632989394411694,1.0640823122571832,1.0625155666251556,0.0054427483598975535,1.0214230010550942,1.07904142228739
NH,New Hampshire,Grade 1,Grade 2,14,0.9946841669494271,0.9924578527062999,0.9987446057277364,0.008484491887331858,0.9458214172227518,1.014214400541501
NH,New Hampshire,Grade 2,Grade 3,14,1.0038962531681515,1.003576218149307,1.0069133474742713,0.0036467569400175925,0.9666881755121793,1.0261212833865279
NH,New Hampshire,Grade 3,Grade 4,14,1.0062547605955454,1.0058721934369603,1.010536030146889,0.0042726600634910294,0.9676991495669813,1.0173550271172298
NH,New Hampshire,Grade 4,Grade 5,14,1.004549121340459,1.0044397463002115,1.0062404870624049,0.001524768026370471,0.9720230120576877,1.0118100549495612
NH,New Hampshire,Grade 5,Grade 6,14,1.0036146935305594,1.0039281297737688,1.0050280981958,0.0021397324417431474,0.9775374376039934,1.0101224968825644
NH,New Hampshire,Grade 6,Grade 7,14,1.0076977202346342,1.0074307746232036,1.009781899862329,0.0012118199518340589,0.9898469688051795,1.0112959381044488
NH,New Hampshire,Grade 7,Grade 8,14,1.0020597701426994,1.0015113350125944,1.0015113350125944,0.0029644620533759714,0.989153078083471,1.0065408057083396
NH,New Hampshire,Grade 8,Grade 9,14,1.0659077571489544,1.0664231601731602,1.05969204809112,0.00832380361337226,1.0412208258527829,1.0922294843863471
NH,New Hampshire,Grade 9,Grade 10,14,0.9390937115561571,0.9415021344717183,0.9366852886405959,0.00515911716281614,0.9159906255633676,0.9510968921389397
NH,New Hampshire,Grade 10,Grade 11,14,0.9505460167855906,0.9471225457007447,0.9632731516441272,0.008506573397583095,0.9393622903483443,0.9657102373361672
NH,New Hampshire,Grade 11,Grade 12,14,0.9657864342781926,0.96578102588621,0.9649466579577618,0.005135569125390593,0.9536060433295325,0.9791651382877266
NJ,New Jersey,Grade 1,Grade 2,14,0.9950398041436508,0.995869525602867,0.9933818445227355,0.007880914006296869,0.9781578273123238,1.0223086137920123
NJ,New Jersey,Grade 2,Grade 3,14,0.9997794161809861,1.0003884392092637,1.0003884392092637,0.005528082080927699,0.9812251291169249,1.0149154789526018
NJ,New Jersey,Grade 3,Grade 4,14,0.9980170762103371,0.9980255164034022,0.9980086360172721,0.007737560885309969,0.98505063013042,1.013205439852835
NJ,New Jersey,Grade 4,Grade 5,14,1.0017658567625976,1.0020742269710214,0.9996882636284102,0.007342029902108305,0.9892039644458428,1.0171095661966951
NJ,New Jersey,Grade 5,Grade 6,14,1.0065089034680108,1.0066064967272432,1.0097906685485956,0.003993008612261928,0.9802705749718151,1.0198742540494459
NJ,New Jersey,Grade 6,Grade 7,14,1.0064981412583718,1.0065553807905019,1.0064409017262417,0.005998394251116701,0.987620330191032,1.0230017251293848
NJ,New Jersey,Grade 7,Grade 8,14,1.0025093517863866,1.0029217391304348,1.0020969644423385,0.004803797007757071,0.9840194374209861,1.0149072717166103
NJ,New Jersey,Grade 8,Grade 9,14,1.0498534625129572,1.051127099298875,1.0490278109809548,0.004591255610537193,1.012687780131015,1.0761492259202727
NJ,New Jersey,Grade 9,Grade 10,14,0.9723684630562955,0.9704743048979944,0.9784161303205074,0.005672612813762357,0.9301098032574026,0.9892494870386961
NJ,New Jersey,Grade 10,Grade 11,14,0.9747598980210099,0.9734488046555521,0.9800668010477832,0.008881008522575895,0.9360976885161765,0.992945764971594
NJ,New Jersey,Grade 11,Grade 12,14,0.991687100751182,0.9911091768216862,0.9928222219991366,0.005157606610325771,0.957470199619288,1.0039309802623413
NM,New Mexico,Grade 1,Grade 2,14,0.9838617649879646,0.9836730097961941,0.9863030704295291,0.003731814446876258,0.9404380684001538,1.013795058345538
NM,New Mexico,Grade 2,Grade 3,14,0.9922994151315683,0.9911151960784313,0.999177259451232,0.006408113966303697,0.9494061655876174,1.0086789694865705
NM,New Mexico,Grade 3,Grade 4,14,0.9946186114250286,0.9945904173106646,0.9995059491951089,0.0031263703708540036,0.9579700989682038,1.0133747635774115
NM,New Mexico,Grade 4,Grade 5,14,0.9965667627635306,0.9958266939828515,1.0028749028749029,0.005277956693589381,0.9666762779585616,1.0152593189242405
NM,New Mexico,Grade 5,Grade 6,14,0.991940767277175,0.9886990184960701,0.996158527308687,0.005097460649663432,0.9674595180909584,1.0041706490572595
NM,New Mexico,Grade 6,Grade 7,14,0.9995676318835758,0.9994797086368367,1.0041643309041404,0.004174628636562261,0.975105952426406,1.0076888098879748
NM,New Mexico,Grade 7,Grade 8,14,0.9980105054123768,0.9978447431325679,0.9982611444830857,0.0047901600406043965,0.9825038284839204,1.0081063011866955
NM,New Mexico,Grade 8,Grade 9,14,1.1724058535315098,1.169411387586649,1.1682777509263735,0.026519670722084276,1.0987654320987654,1.2195272100467864
NM,New Mexico,Grade 9,Grade 10,14,0.8855739719188509,0.8846917151602812,0.9007082252296473,0.01000878863142779,0.8662309219081514,0.9401109190435033
NM,New Mexico,Grade 10,Grade 11,14,0.8718577790522057,0.8697833612072654,0.8925262748151032,0.022446144384958677,0.8322558693433141,0.9142732983052186
NM,New Mexico,Grade 11,Grade 12,14,0.934106455978575,0.9339056963750341,0.94537210620395,0.01139183161787749,0.9089268798773061,0.9580880108159973
NV,Nevada,Grade 1,Grade 2,14,1.003370080123987,1.003300874731804,1.009384655366579,0.007244619792965423,0.960207707023777,1.014135162261626
NV,Nevada,Grade 2,Grade 3,14,1.0068834088834717,1.0072005421584684,1.00888303997368,0.004279478647047252,0.9636712328767123,1.0215877052352258
NV,Nevada,Grade 3,Grade 4,14,1.008636225686863,1.0092264401093103,1.0092264401093103,0.005627047090953741,0.9704875264960052,1.0225686170063641
NV,Nevada,Grade 4,Grade 5,14,1.0107945980622297,1.0119837427529734,1.0103044739022369,0.004890865575013392,0.9750262952075298,1.0236373165618449
NV,Nevada,Grade 5,Grade 6,14,1.012092597919457,1.0182786339665149,1.0112756906360514,0.007900176208018528,0.9837437119406937,1.0293050213964574
NV,Nevada,Grade 6,Grade 7,14,1.0122172184343792,1.0143405957267655,1.0091236946926472,0.006025548471630282,0.9890527596168466,1.0219403026059257
NV,Nevada,Grade 7,Grade 8,14,1.0049930995822165,1.006381488495162,1.0050986420702024,0.008763541149080845,0.9807624322413386,1.0209889921861632
NV,Nevada,Grade 8,Grade 9,14,1.0086088704071863,1.0089202152550305,1.0074473055044106,0.0026859090583342127,0.9808396813397685,1.0155174815433905
NV,Nevada,Grade 9,Grade 10,14,0.9979463398367378,1.0005507725309448,0.9962964995061999,0.0049643145196104355,0.8219210879141927,1.0137542611531052
NV,Nevada,Grade 10,Grade 11,14,0.981811137800841,0.9812582879033447,0.9841961106546152,0.006710365864635803,0.8596306685366993,0.9944049556107448
NV,Nevada,Grade 11,Grade 12,14,0.9671195994874068,0.9668890460233037,0.952681218000539,0.00770714768734071,0.928840557512636,1.0086729931549472
NY,New York,Grade 1,Grade 2,14,0.9895485328757145,0.9900224797657832,0.9890745859856458,0.004456879410202119,0.9705023885768281,1.021397627434309
NY,New York,Grade 2,Grade 3,14,0.9892512749710913,0.9894479468304989,0.9882009169227669,0.0035621526951388205,0.9692969960060712,1.034062031328112
NY,New York,Grade 3,Grade 4,14,0.9943121671623778,0.9948865142647388,0.9930621616371904,0.0035044046081556535,0.9767515477345733,1.0403861658796059
NY,New York,Grade 4,Grade 5,14,1.000125316463685,1.0011124291810847,0.9961661942428605,0.0035091661268960017,0.9809731225498988,1.0428380187416333
NY,New York,Grade 5,Grade 6,14,0.9981006809735296,0.999869231078743,0.99443820950073,0.003274137220799278,0.9770936938442893,1.0483328876514664
NY,New York,Grade 6,Grade 7,14,1.0023632826252111,1.0054432387522345,0.9994565646984428,0.003222869663247474,0.983446732961834,1.0527397616693552
NY,New York,Grade 7,Grade 8,14,1.0016318070291605,1.0033763938731286,0.9994335280580634,0.004056581926769998,0.988420562733334,1.0479376671466776
NY,New York,Grade 8,Grade 9,14,1.1034558617706078,1.1106345178910586,1.0533499838783145,0.01839889013267859,1.0403447120984148,1.1846595198550507
NY,New York,Grade 9,Grade 10,14,0.9591591158620685,0.952871858054026,0.9606513331597932,0.007833792643085646,0.926297901266038,0.994846958049824
NY,New York,Grade 10,Grade 11,14,0.9110743361526894,0.9008304540219434,0.9247899339486712,0.014338193547866085,0.8428416,0.9442454243470332
NY,New York,Grade 11,Grade 12,14,0.9828945309998898,0.9835659251670056,0.9852947957923646,0.0060248679223972035,0.9655312061799829,1.0009420631182289
OH,Ohio,Grade 1,Grade 2,14,0.9885798739716422,0.9875981126253922,0.9921704031512911,0.0041826882244099806,0.9732333531366913,1.0008640897968961
OH,Ohio,Grade 2,Grade 3,14,1.0017169937872927,1.0123290280793995,1.0025430748840292,0.009641891850644235,0.9822403032382446,1.0305536574063165
OH,Ohio,Grade 3,Grade 4,14,0.9877048943905621,0.9772954325497175,0.978593885342145,0.012083282797677508,0.9663740043446778,1.001928592621897
OH,Ohio,Grade 4,Grade 5,14,1.0033628981697222,1.0040491808375043,1.0046836073741903,0.0030849517191318676,0.9946947886002653,1.0134797608454706
OH,Ohio,Grade 5,Grade 6,14,1.004451246194042,1.0038372870155519,1.0063333087856248,0.002019964636751803,0.995468442891461,1.0068786829615024
OH,Ohio,Grade 6,Grade 7,14,1.0071947840273543,1.0092498129633407,1.0063177990438363,0.001966103426463972,0.9973370879373145,1.0126019916986253
OH,Ohio,Grade 7,Grade 8,14,0.9985326755833555,0.9980418703198024,1.0000688278615184,0.0016206617453904393,0.9941779934076516,1.0010618792971735
OH,Ohio,Grade 8,Grade 9,14,1.0795190044030343,1.0900756801587654,1.0721221283625821,0.00962243587433087,1.049957941423874,1.1398904559969159
OH,Ohio,Grade 9,Grade 10,14,0.931990928548712,0.9242693911932938,0.9461093030136523,0.01595502176440383,0.8733067530214826,0.9509300111208833
OH,Ohio,Grade 10,Grade 11,14,0.8835607785013544,0.8831354651248111,0.8852473729479077,0.005365654162499012,0.8599941460967009,1.0127676216183057
OH,Ohio,Grade 11,Grade 12,14,0.9926916274900827,0.9781612976693574,1.0009365129366492,0.017673956338069785,0.8528382023761695,1.1293775166907805
OK,Oklahoma,Grade 1,Grade 2,14,0.95520588497954,0.9546780559421892,0.9712364300124892,0.002054929078404155,0.9530852246244308,0.9829456161114453
OK,Oklahoma,Grade 2,Grade 3,14,1.0033731316347012,1.0019292356368408,1.005572080111045,0.006546492637067081,0.9864784840110541,1.0151485763053767
OK,Oklahoma,Grade 3,Grade 4,14,0.9871399456879872,0.9815342550159818,0.9815342550159818,0.01036707457369801,0.952016008004002,1.0081556225944035
OK,Oklahoma,Grade 4,Grade 5,14,1.0002725173913904,1.0000405893574704,1.0042390843577786,0.00290236910150099,0.9935458558116724,1.0082125092602392
OK,Oklahoma,Grade 5,Grade 6,14,1.0028879345785864,1.0026890191382534,1.0062845316979627,0.0032668249114308767,0.9930835296800182,1.0100226966878905
OK,Oklahoma,Grade 6,Grade 7,14,1.0045894252042082,1.004548541791014,1.0063803447290733,0.0016676388687997257,0.9963962264150943,1.010485228838206
OK,Oklahoma,Grade 7,Grade 8,14,1.0003764238602217,0.999728425494579,1.0066651518594258,0.003764465211465118,0.9945847264671493,1.0082751046223182
OK,Oklahoma,Grade 8,Grade 9,14,1.0555360673301597,1.0528456173338872,1.058915223678774,0.007026446305255951,1.0386400579698791,1.0819065760038982
OK,Oklahoma,Grade 9,Grade 10,14,0.9589013093093173,0.9570026727013793,0.9638784724879468,0.006123837974614632,0.932790140643233,0.9719536891979672
OK,Oklahoma,Grade 10,Grade 11,14,0.9420714353659616,0.9391163320767949,0.9515237998165325,0.008510608427196698,0.9280298078180155,0.9632409130988537
OK,Oklahoma,Grade 11,Grade 12,14,0.9456324702855783,0.9439493484247273,0.9505587975623937,0.005578833397291594,0.9255513843266072,0.9536187886070879
OR,Oregon,Grade 1,Grade 2,14,1.0034480284394125,1.0037754961093972,1.0031205607694278,0.00561938804808354,0.9496824621397166,1.0250110152139544
OR,Oregon,Grade 2,Grade 3,14,1.0056891111156556,1.0063588990151742,1.0063588990151742,0.004364661707972894,0.9553569355774811,1.020087184821915
OR,Oregon,Grade 3,Grade 4,14,1.0070567189450332,1.007243405767391,1.007243405767391,0.004417670566233878,0.957821980929787,1.0183085019642726
OR,Oregon,Grade 4,Grade 5,14,1.005326080636385,1.0064026813914015,1.0042494798813686,0.005180705995651458,0.9699909543193125,1.014921363680766
OR,Oregon,Grade 5,Grade 6,14,1.0044868607045863,1.005066887652421,1.0024279145717847,0.00277265744313282,0.9699828095385022,1.0141060384962823
OR,Oregon,Grade 6,Grade 7,14,1.0059619683574912,1.0062427854601994,1.0042010502625656,0.0021814840197962315,0.9788831235113984,1.0107124599154158
OR,Oregon,Grade 7,Grade 8,14,1.004873426394641,1.0051966648959512,1.0065887400402767,0.0024754418829256997,0.9861048857014791,1.0104609725255778
OR,Oregon,Grade 8,Grade 9,14,1.0229147986860525,1.0231141044143588,1.022047244094488,0.0034424523127110085,1.0028270088072198,1.0334340893883107
OR,Oregon,Grade 9,Grade 10,14,0.9978491130922693,0.9995269844130101,0.9998884401704634,0.004676946223728884,0.9876792114695341,1.0051496764659786
OR,Oregon,Grade 10,Grade 11,14,0.9766221913051862,0.9770469494216376,0.9824584513381194,0.004176304048804702,0.9659960712592291,0.9866579816266481
OR,Oregon,Grade 11,Grade 12,14,1.0648578963579167,1.0755344093609853,1.041346522160384,0.02410977988473395,1.0334026365692615,1.1220989132436914
PA,Pennsylvania,Grade 1,Grade 2,14,1.001536997006283,1.003227981123845,1.003227981123845,0.004832895539805926,0.9860560611345404,1.0131295453661573
PA,Pennsylvania,Grade 2,Grade 3,14,1.0056190526803968,1.0073487758506965,1.008031561526938,0.00565269515591138,0.9920153053157512,1.0159034478423485
PA,Pennsylvania,Grade 3,Grade 4,14,1.0062910449445117,1.0072920972383619,1.0072920972383619,0.00527618656253126,0.9949891457427191,1.0162371529375671
PA,Pennsylvania,Grade 4,Grade 5,14,1.0064950507470818,1.0080913530207967,1.007237088286108,0.005452483612397363,0.9959274056180123,1.017290281591069
PA,Pennsylvania,Grade 5,Grade 6,14,1.0072994589904707,1.0096942187887488,1.0050462442194725,0.0040278049137213445,0.997951516709123,1.0177693819879592
PA,Pennsylvania,Grade 6,Grade 7,14,1.0125274167117715,1.0146008077042559,1.0114426587901482,0.0027989681107193354,1.0017682931437077,1.0251324148546077
PA,Pennsylvania,Grade 7,Grade 8,14,1.0025411609313815,1.0028227875943985,1.0042971884538372,0.004497539258399241,0.9910918175857469,1.0107114165848434
PA,Pennsylvania,Grade 8,Grade 9,14,1.0610062341376683,1.0597277380801586,1.0597277380801586,0.006005973682085108,1.0388844901909036,1.0954097116843702
PA,Pennsylvania,Grade 9,Grade 10,14,0.9727578266219916,0.9730565215863983,0.9730565215863983,0.004937925276433608,0.9433901683645826,1.050385299347955
PA,Pennsylvania,Grade 10,Grade 11,14,0.952515991248216,0.95229978104116,0.9620283814918626,0.009497635661314674,0.8822624422229388,1.0487896578650548
PA,Pennsylvania,Grade 11,Grade 12,14,0.9984225637636759,0.998170022874714,1.003142375544386,0.009434268739928697,0.9154671299360247,1.1053258313238665
RI,Rhode Island,Grade 1,Grade 2,14,1.000519144849839,1.0006677477821235,1.0003042596348883,0.006171122257153494,0.973648119122257,1.0256975740722984
RI,Rhode Island,Grade 2,Grade 3,14,1.0010075838488928,1.005025593299209,0.998466551658041,0.004938800135712074,0.9759859429910192,1.0103767411423763
RI,Rhode Island,Grade 3,Grade 4,14,1.0064927945579227,1.0066945606694562,1.0075592932060853,0.0031043385155149483,0.980917501927525,1.0119024764830102
RI,Rhode Island,Grade 4,Grade 5,14,0.9995858497864185,1.0006870828425598,0.9973021582733813,0.004549040731013254,0.9824511477897933,1.0077839257244678
RI,Rhode Island,Grade 5,Grade 6,14,1.0006794144768387,1.0026483570377636,0.9934808376135915,0.0034429948478889583,0.97571189279732,1.0101166605905942
RI,Rhode Island,Grade 6,Grade 7,14,1.0060326486974822,1.0060452945953262,1.0041019630823322,0.001908656740702841,0.9893355209187858,1.013250405624662
RI,Rhode Island,Grade 7,Grade 8,14,0.999442775712344,0.9994681322577785,0.9970070741882823,0.0032074793340508,0.9884351925985233,1.0077397954482632
RI,Rhode Island,Grade 8,Grade 9,14,1.0804313821428286,1.0803693883148944,1.0803693883148944,0.010788269113244708,1.0463021923041935,1.1501488355804588
RI,Rhode Island,Grade 9,Grade 10,14,0.9497449580569266,0.9450146627565983,0.9680941096817874,0.019250515522340195,0.8916821849782743,0.9724329792615073
RI,Rhode Island,Grade 10,Grade 11,14,0.9549599910854571,0.9549069045771916,0.9564659517917697,0.014205925707001299,0.8894242547978767,0.9712491153573957
RI,Rhode Island,Grade 11,Grade 12,14,0.99620792831785,0.9874457675620788,1.007906976744186,0.019254365747563618,0.9615491265366485,1.027265216193886
SC,South Carolina,Grade 1,Grade 2,14,0.9947695663193958,0.9940351923650462,0.9985568480169701,0.006691739634344218,0.9598231449442522,1.0150792066631584
SC,South Carolina,Grade 2,Grade 3,14,1.0030549833289744,1.0030004518752824,1.012498028011008,0.003944144491384527,0.9742991467873934,1.024361378657393
SC,South Carolina,Grade 3,Grade 4,14,1.0060665508905595,1.0060285047217479,1.0105856953826868,0.0020565759206386813,0.9792424085038607,1.0160846409550703
SC,South Carolina,Grade 4,Grade 5,14,1.0089858431761227,1.0086713746099523,1.0121719912256106,0.002199614287688001,0.9859589277100131,1.0214057058430366
SC,South Carolina,Grade 5,Grade 6,14,1.0137375832106068,1.0134748433368348,1.0149956038946237,0.002665268508284302,0.9897831152536297,1.0264201715913261
SC,South Carolina,Grade 6,Grade 7,14,1.0107857654352788,1.0103014667412364,1.0129326984944023,0.002071193685331596,0.9961982065801505,1.0182155564256652
SC,South Carolina,Grade 7,Grade 8,14,1.0026121525533291,1.002081447963801,1.0072059118571524,0.0034024831736262917,0.9925703564727955,1.009130140736208
SC,South Carolina,Grade 8,Grade 9,14,1.1441914403844908,1.1433938408741986,1.1376099416513192,0.010302124137256063,1.0988662583204687,1.1792794672838687
SC,South Carolina,Grade 9,Grade 10,14,0.8916439408349979,0.8913221291109157,0.9002935213483826,0.007169800202888377,0.8542845656678109,0.9101799120832641
SC,South Carolina,Grade 10,Grade 11,14,0.8987260461231839,0.9008888808755386,0.9062245693013592,0.011311114983014237,0.8754656924801968,0.9161076733745862
SC,South Carolina,Grade 11,Grade 12,14,0.9408064844418095,0.9388183965096265,0.9527901065968666,0.01120313452771421,0.9173852344584051,0.9666839886829494
SD,South Dakota,Grade 1,Grade 2,14,0.9966619680279296,0.9959465684016582,0.997377367654201,0.006550861878412029,0.9754915930464519,1.005530864197531
SD,South Dakota,Grade 2,Grade 3,14,1.0022805174141607,1.001880582980724,1.0081799591002045,0.003000676150408943,0.9786177105831534,1.0156797818465135
SD,South Dakota,Grade 3,Grade 4,14,1.007019495613899,1.0054316197866149,1.0134989729042356,0.006487381734511688,0.9893048128342246,1.0142953733217426
SD,South Dakota,Grade 4,Grade 5,14,1.0052815298516844,1.0050616602245537,1.0008334105009724,0.004602517303977649,0.9932856833441629,1.0108986615678777
SD,South Dakota,Grade 5,Grade 6,14,1.0118212170808252,1.0111974175325331,1.0082410035711016,0.0033450418591659536,0.9971317542561066,1.018464212012599
SD,South Dakota,Grade 6,Grade 7,14,1.0020268552349876,1.001816365452729,1.001816365452729,0.0020828525231233463,0.9885266995496461,1.0119741443255272
SD,South Dakota,Grade 7,Grade 8,14,0.999823052502592,0.9989125061789421,1.0008424599831507,0.003124275998350301,0.9892001710863987,1.006074411541382
SD,South Dakota,Grade 8,Grade 9,14,1.0892823438213892,1.0822311673375504,1.100729517396184,0.011432819189371224,1.068530875966529,1.1350172633109212
SD,South Dakota,Grade 9,Grade 10,14,0.93484527529201,0.9368137352765022,0.9244597945448105,0.01026452399469474,0.8900896573807237,0.9675014907573047
SD,South Dakota,Grade 10,Grade 11,14,0.9155907256585223,0.9155624036979969,0.9156190476190477,0.007979879007271207,0.8857777348653085,0.9377773395128686
SD,South Dakota,Grade 11,Grade 12,14,0.9778582666467651,0.9769998878043308,0.9762118491921006,0.012712126806999846,0.95176393728223,0.9994200208792483
TN,Tennessee,Grade 1,Grade 2,14,0.9884717714495652,0.9863635178473653,1.0018578973909813,0.009098913056693025,0.9578934960840296,1.0169233957311599
TN,Tennessee,Grade 2,Grade 3,14,1.000672160478285,0.9998472543978004,1.0107106769956213,0.004532094777038365,0.9669377698889978,1.0125534911434917
TN,Tennessee,Grade 3,Grade 4,14,0.9986146946084632,0.9982223873073147,1.0108947425123895,0.005827854181071734,0.9722873900293255,1.0176612075022973
TN,Tennessee,Grade 4,Grade 5,14,1.0001165528584564,1.0000666204764697,1.005972015322409,0.004009785938317689,0.9700126556983947,1.012127849436197
TN,Tennessee,Grade 5,Grade 6,14,0.9982037484812407,0.9978730302833798,1.0035671009816336,0.0025892504115487824,0.9739399468485979,1.0113380497488575
TN,Tennessee,Grade 6,Grade 7,14,1.0019361875326283,1.0018715639256053,1.005084918132818,0.002930636674690179,0.9807009732205331,1.010158815251625
TN,Tennessee,Grade 7,Grade 8,14,0.9978122424723778,0.9975089916078327,1.004436660828955,0.004629585595686991,0.9868460993625418,1.00513698630137
TN,Tennessee,Grade 8,Grade 9,14,1.0415528547355168,1.0416276703967446,1.037969129110526,0.004642520650935178,1.0143102535291306,1.0768800279818118
TN,Tennessee,Grade 9,Grade 10,14,0.9632498787612054,0.9612768184196756,0.9675074544733239,0.007336514048269183,0.9329608938547486,0.9738438458026222
TN,Tennessee,Grade 10,Grade 11,14,0.9486670550272678,0.9421890574068587,0.9572567826063528,0.008864061171235282,0.9085468487002057,0.964166108506363
TN,Tennessee,Grade 11,Grade 12,14,0.9718002667453512,0.9818989682113676,0.9672882317925717,0.01222095227158787,0.957151788815561,0.9962523422860712
TX,Texas,Grade 1,Grade 2,14,0.9966107685742722,0.9963745780867878,1.0045900368288427,0.005292131592308957,0.9710582513359695,1.0252009682722554
TX,Texas,Grade 2,Grade 3,14,1.0033267956059464,1.0030674621161078,1.0104028325412155,0.001871494669845375,0.9806020565936285,1.0261535816260603
TX,Texas,Grade 3,Grade 4,14,1.0017128822180545,1.0015561764014727,1.0106766150053548,0.0022825121017729377,0.9835942145870606,1.0237696868293749
TX,Texas,Grade 4,Grade 5,14,1.0103734170669756,1.0096709265431918,1.0119646587179054,0.0021828926027982476,0.9888588715421391,1.024292945254094
TX,Texas,Grade 5,Grade 6,14,1.0059185273167763,1.0057450397208596,1.0121335115914083,0.005069136573116473,0.9926103713497989,1.0245771751505144
TX,Texas,Grade 6,Grade 7,14,1.0138343816584123,1.013960536111397,1.010697600339775,0.0023620745542677346,0.9967074451477392,1.0227850440219535
TX,Texas,Grade 7,Grade 8,14,1.0075594301965718,1.0075247648024652,1.0075940955906781,0.0011932102419004442,0.9975565476260739,1.0166656718199725
TX,Texas,Grade 8,Grade 9,14,1.1137547558268563,1.1129280807419408,1.109890842306382,0.008664758045073828,1.0622848474240036,1.1444747167790237
TX,Texas,Grade 9,Grade 10,14,0.9188528035795671,0.9136446787904875,0.9316043238198927,0.014896931999123897,0.861375530873523,0.9361259199455539
TX,Texas,Grade 10,Grade 11,14,0.9408861530281896,0.9406034379611534,0.9406034379611534,0.0018702987820664596,0.925576146353053,0.9539654753340879
TX,Texas,Grade 11,Grade 12,14,0.948252574076319,0.9483219068244678,0.9495204971348091,0.0037117205847644885,0.9325780524149858,0.9667673716012085
UT,Utah,Grade 1,Grade 2,14,1.0063320996047027,1.003581600069043,1.0136126507988261,0.005632673664396681,0.9866474695278292,1.0260616779492184
UT,Utah,Grade 2,Grade 3,14,1.0076455630844725,1.0051382379498646,1.01028272541755,0.00397859238558429,0.9925211097708082,1.025967016491754
UT,Utah,Grade 3,Grade 4,14,1.0084020085465075,1.0073324793497946,1.0129763853168108,0.0048023839052513395,0.9935431958236841,1.0229906011991574
UT,Utah,Grade 4,Grade 5,14,1.006284284031446,1.0049831044954873,1.0093071549933925,0.0035213969432796866,0.9968061013143377,1.0225382716049383
UT,Utah,Grade 5,Grade 6,14,1.0079731377073728,1.0074029178752326,1.0108758644670246,0.004494567783285719,0.9983701008263209,1.0170887059189064
UT,Utah,Grade 6,Grade 7,14,1.0098505717541197,1.0093719851150824,1.0128745014377145,0.0030888122073498003,1.0011082993147016,1.0199703861194427
UT,Utah,Grade 7,Grade 8,14,1.0064311991788881,1.006431815392169,1.0075050825559082,0.002405301063851728,0.9991574937269914,1.0143550381017399
UT,Utah,Grade 8,Grade 9,14,1.0121776963943399,1.0127007328105557,1.0127007328105557,0.0017828548594964744,1.0069849931787176,1.0149673188698929
UT,Utah,Grade 9,Grade 10,14,1.004914523108924,1.0050344017452593,1.004794644472589,0.0024022633847002872,1.0008278506383164,1.0096225809900568
UT,Utah,Grade 10,Grade 11,14,0.9913269948009276,0.991380030055101,0.9886949819159239,0.000994879551443839,0.9863067147263201,0.9974499231083686
UT,Utah,Grade 11,Grade 12,14,0.995212556507742,0.9952841112444473,0.9922916795482182,0.005549302075798623,0.9823900100518055,1.0062617248897228
VA,Virginia,Grade 1,Grade 2,14,0.9992190775513783,0.9989204971881522,1.0036655083510817,0.002431360880391309,0.9521675565725909,1.0252733259146236
VA,Virginia,Grade 2,Grade 3,14,1.001807164217913,1.0020077087426589,1.0029097551133106,0.0017860634289752486,0.9602417772526847,1.016819862179881
VA,Virginia,Grade 3,Grade 4,14,1.0020908557531247,1.0023059588071903,0.9990922781754792,0.0038133783026210177,0.9698998774872206,1.0177563447264324
VA,Virginia,Grade 4,Grade 5,14,1.0028958124913463,1.0029216788571198,1.0028699461255728,0.0024245578882083896,0.9723317670750126,1.0174274680661453
VA,Virginia,Grade 5,Grade 6,14,1.0059407274440904,1.0059651734513089,1.0024812150922169,0.002447973166926576,0.979204441849268,1.0133740464698866
VA,Virginia,Grade 6,Grade 7,14,1.0041305784971684,1.0041576742414624,1.0025098087423296,0.002191073624160045,0.9864638571029863,1.0124264370501397
VA,Virginia,Grade 7,Grade 8,14,1.005850735932946,1.006631843358172,1.001169372781555,0.0019947687717808416,0.9897054874227912,1.0116896918172158
VA,Virginia,Grade 8,Grade 9,14,1.0943865460235715,1.0927316453303368,1.0987120914559776,0.004937172972489301,1.0446940411327226,1.1274318751951422
VA,Virginia,Grade 9,Grade 10,14,0.9507016161313949,0.9485483870967742,0.9536051435453168,0.003972500089986619,0.9220438203516169,0.9596957736740515
VA,Virginia,Grade 10,Grade 11,14,0.9458762466770311,0.9454656540013273,0.9488188976377953,0.00382583853575863,0.9256815316734951,0.9546054737516005
VA,Virginia,Grade 11,Grade 12,14,0.9833572938113508,0.9831598656313674,1.0026677479938535,0.005697533497084684,0.9771614826680906,1.0072320771421561
VT,Vermont,Grade 1,Grade 2,14,0.9968810092590239,0.995493320457106,0.9988972615328064,0.005239795414671289,0.9635343618513323,1.0257640369580667
VT,Vermont,Grade 2,Grade 3,14,1.0033787180231668,1.0024228719108383,1.0069834781127576,0.005661373609970155,0.9605240475780038,1.0258369723435226
VT,Vermont,Grade 3,Grade 4,14,0.9999206815051249,0.9990389235944258,1.0049663001064206,0.005217082223517244,0.9827345657481689,1.0262024407753052
VT,Vermont,Grade 4,Grade 5,14,1.0005696152018835,0.999072786277237,0.9942270686337396,0.008790969092966172,0.9633181894665993,1.0221827861579413
VT,Vermont,Grade 5,Grade 6,14,1.0000631548539756,1.0009943652635067,1.008709677419355,0.002860674480009484,0.9919230108266025,1.023580786026201
VT,Vermont,Grade 6,Grade 7,14,1.0015447459942242,1.0037319487262697,0.9927152317880795,0.008567538754030546,0.971378317876559,1.0143243673404425
VT,Vermont,Grade 7,Grade 8,14,0.9981098018804129,0.9978984804397025,1.0013342228152102,0.004531625519402671,0.9848801672832556,1.0220844047799122
VT,Vermont,Grade 8,Grade 9,14,1.0539075006969867,1.0538669876617515,1.0425806451612902,0.010136860312599638,1.0316455696202531,1.091117566121388
VT,Vermont,Grade 9,Grade 10,14,0.9800167657369303,0.98,0.984375,0.006671554772792299,0.9419924337957125,0.9947270913495796
VT,Vermont,Grade 10,Grade 11,14,0.9639656151359279,0.9631805157593123,0.9647507145125437,0.012867243927259409,0.9425666754687088,0.9924297568787305
VT,Vermont,Grade 11,Grade 12,14,0.9479557193984935,0.9473511023362948,0.9473511023362948,0.00803775622471642,0.9097199871258449,0.9964981089788486
WA,Washington,Grade 1,Grade 2,14,1.0000528216979256,1.0057075557166153,0.9974794324244789,0.0068338918014507755,0.9494601259307142,1.0150121238054486
WA,Washington,Grade 2,Grade 3,14,1.0066459609873586,1.0083773211424263,1.0019416006858641,0.0048912504527260925,0.9540821851874135,1.021677783478707
WA,Washington,Grade 3,Grade 4,14,1.0078908299499225,1.0065401563072105,1.0118503918080861,0.004312004964191596,0.9576524795743873,1.0156263794473381
WA,Washington,Grade 4,Grade 5,14,1.003801178659236,1.006421720045521,0.9971041366206533,0.006123363030329454,0.9650789880033258,1.0149871365467695
WA,Washington,Grade 5,Grade 6,14,1.0035999200616277,1.0036824926170806,0.9995269248964427,0.003761552609837293,0.9647104923474091,1.011869640581773
WA,Washington,Grade 6,Grade 7,14,1.0055594816501414,1.0068357816967957,0.9961173631519843,0.00485161831658476,0.974758074579963,1.0139023843336572
WA,Washington,Grade 7,Grade 8,14,1.0050673188258266,1.0073326529840874,0.9988907849829352,0.005901305439424687,0.982168087142792,1.0151955503219503
WA,Washington,Grade 8,Grade 9,14,1.034743467850928,1.0402486460795717,1.0220543289566981,0.012430046138262152,1.0035715124885454,1.0938139522835013
WA,Washington,Grade 9,Grade 10,14,0.9920994754285175,0.9870347387066067,1.0034183231486034,0.013163394189676658,0.9277408448130126,1.0118077940683743
WA,Washington,Grade 10,Grade 11,14,0.9872312479891665,0.9891158781562736,0.9891158781562736,0.009614550306727199,0.9559300454032239,1.0043423195223449
WA,Washington,Grade 11,Grade 12,14,1.080279215407941,1.0793145186978403,1.0812439121180417,0.021326499189963655,1.0257152672130343,1.113263748707597
WI,Wisconsin,Grade 1,Grade 2,14,1.0003481860995458,1.0002146206167866,1.0032859850131266,0.002539976007704503,0.975207046603032,1.0071416829531132
WI,Wisconsin,Grade 2,Grade 3,14,1.0042290080999228,1.0042110005891935,1.0047499955018981,0.0021597506284110057,0.9805039672159735,1.0071192303171752
WI,Wisconsin,Grade 3,Grade 4,14,1.0027871046723629,1.0026396761133602,1.0051069045349312,0.001458079593802064,0.9832093737596852,1.0075395243789027
WI,Wisconsin,Grade 4,Grade 5,14,1.0023838699254384,1.002645854827437,1.003270271596056,0.0009765691222884954,0.9856208928934354,1.0067191058420688
WI,Wisconsin,Grade 5,Grade 6,14,1.005085675037092,1.0056202721910892,1.0024707599993583,0.0017968627601897547,0.9869289567612497,1.0105937463790906
WI,Wisconsin,Grade 6,Grade 7,14,1.0072920860421446,1.007332954042607,1.007332954042607,0.0021315229883626108,0.9911175839828433,1.0104466215008692
WI,Wisconsin,Grade 7,Grade 8,14,1.004457917543239,1.004671052631579,1.0042447824548992,0.002040570265288477,0.9942893002823973,1.0085999934225671
WI,Wisconsin,Grade 8,Grade 9,14,1.0797498344632235,1.0853143285343028,1.0707355794672782,0.013010001996472731,1.0536520541804093,1.1124251809297623
WI,Wisconsin,Grade 9,Grade 10,14,0.9700729722270405,0.9618886519085093,0.9807698067994608,0.010628924729439826,0.9527735922763547,0.9827345339690832
WI,Wisconsin,Grade 10,Grade 11,14,0.9925207093446151,1.0026478647741617,0.9906086797178023,0.004242192146636792,0.9879801007323178,1.0146185685274467
WI,Wisconsin,Grade 11,Grade 12,14,1.0214292380338543,1.0077005347593584,1.0306090835863437,0.009305173193109861,0.9900978632231165,1.0308388028766133
WV,West Virginia,Grade 1,Grade 2,14,0.9736665022818565,0.9730333872348521,0.9714750998108846,0.0025701475435548904,0.9516979540181396,0.9983517777254532
WV,West Virginia,Grade 2,Grade 3,14,0.9893657026137079,0.989092664092664,0.9858485639686684,0.004397345749690362,0.9599307846212081,1.0077786279010457
WV,West Virginia,Grade 3,Grade 4,14,0.9965262070501666,0.9968266367231362,0.9956254132967088,0.00232698087788924,0.9692772058427208,1.0073344157661945
WV,West Virginia,Grade 4,Grade 5,14,0.9976455218470939,0.9975901291690765,0.9977009145251111,0.0036643077906145516,0.9749000799360512,1.0096692111959287
WV,West Virginia,Grade 5,Grade 6,14,1.0004051665320595,0.9982314796620161,0.997749549909982,0.005890187348968845,0.9823842687423188,1.016921797818751
WV,West Virginia,Grade 6,Grade 7,14,0.9955848325056011,0.9954961871129536,0.9954961871129536,0.005905214457732677,0.9868177033732645,1.0060597316404558
WV,West Virginia,Grade 7,Grade 8,14,0.9938193720035513,0.9930742401594419,0.9946872493985566,0.00259413935069297,0.98014440433213,1.0064394534317576
WV,West Virginia,Grade 8,Grade 9,14,1.089535596320153,1.0845962672384386,1.0802472288910456,0.012570740432943595,1.069539912698811,1.1565554771742417
WV,West Virginia,Grade 9,Grade 10,14,0.9117839920994086,0.9138454566054838,0.9207132548070208,0.009777307631352317,0.8721449641803624,0.9554567807830527
WV,West Virginia,Grade 10,Grade 11,14,0.9164721944922349,0.9159334791232263,0.9159334791232263,0.0023479790062393424,0.887607641294665,0.9385618932038835
WV,West Virginia,Grade 11,Grade 12,14,0.9655261820305963,0.9653515026673005,0.9714239499649538,0.006034348601838158,0.9479553903345725,0.9775124930594115
WY,Wyoming,Grade 1,Grade 2,14,0.9940584937602008,0.9944333428489865,0.9926122931442081,0.006163039248217372,0.9621729237770194,1.0026785714285715
WY,Wyoming,Grade 2,Grade 3,14,1.0018034877332997,1.0017961383026492,1.0152835309241537,0.003924472686410385,0.9734462465910722,1.0203960981377476
WY,Wyoming,Grade 3,Grade 4,14,0.9992660003133191,0.9983825907954712,1.0033314020857473,0.004103761137760342,0.9703151378728193,1.0153347095252139
WY,Wyoming,Grade 4,Grade 5,14,1.0011545138138909,1.0005612459660447,1.0052279988382224,0.005100259560435472,0.9743907476249484,1.0131658595641646
WY,Wyoming,Grade 5,Grade 6,14,1.0080968724364952,1.0074329705335812,1.0074329705335812,0.002224952479346398,0.9767940979208585,1.0181791089256444
WY,Wyoming,Grade 6,Grade 7,14,1.0071920347695515,1.0076520338300443,1.0076520338300443,0.004802740029577923,0.9882599580712789,1.019205644107656
WY,Wyoming,Grade 7,Grade 8,14,1.0038738784651144,1.0047961630695443,1.0047961630695443,0.0037018977227193384,0.98666837584925,1.0104007341694707
WY,Wyoming,Grade 8,Grade 9,14,1.0446669675233715,1.0449145175311505,1.0384565415096791,0.005557311137045273,1.0254574383452666,1.053298383573613
WY,Wyoming,Grade 9,Grade 10,14,0.9588990508441344,0.965599550688009,0.9553200053669664,0.006400584514604624,0.9486647653616801,1.0005692329585882
WY,Wyoming,Grade 10,Grade 11,14,0.9418618065540347,0.9416799651820688,0.9421348314606741,0.006589586960919436,0.9029733959311425,0.9535487593768033
WY,Wyoming,Grade 11,Grade 12,14,0.9725204096793232,0.9720121028744326,0.9752534287418009,0.004332696860788798,0.9588133640552995,0.9850562317054383
AK,Alaska,Grade 12,High school graduates,15,0.8431332447080478,0.8401201947984664,0.8467995023157697,0.01024282808690613,0.8055051421657592,0.8709212557900154
AL,Alabama,Grade 12,High school graduates,15,0.9341201547327702,0.9219091109375313,0.9559905140308371,0.02069635902869771,0.8951914292832821,0.974061192006131
AR,Arkansas,Grade 12,High school graduates,15,0.9533117183881427,0.9412377171861782,0.9691329778519104,0.017762193286378736,0.9250498904046848,0.9813448630344077
AZ,Arizona,Grade 12,High school graduates,15,0.7927600029510857,0.7927600029510857,0.8148786586731154,0.026252681078805407,0.7439940207139553,0.8620182615913673
CA,California,Grade 12,High school graduates,15,0.8711292826199438,0.8497666853211047,0.8963052508087184,0.024669757510761836,0.781907610110972,0.9176447309709034
CO,Colorado,Grade 12,High school graduates,15,0.835781302356752,0.8350046695347306,0.8395860655918679,0.01010357821280694,0.8154488584547942,0.849762156448203
CT,Connecticut,Grade 12,High school graduates,15,0.9496461022262497,0.9496461022262497,0.9473063290858317,0.0025450335768345544,0.8407467888566623,0.9581666333266653
DC,District of Columbia,Grade 12,High school graduates,15,0.9437939110070258,1.0205459348400352,0.8675602709318385,0.07740237238437964,0.7983910287664554,1.2100313479623825
DE,Delaware,Grade 12,High school graduates,14,0.9650640497145331,0.9647340107591154,0.98,0.011670823709498235,0.9205461778303409,0.9952533278299454
FL,Florida,Grade 12,High school graduates,15,0.8906565056776548,0.8720130106833412,0.9218978851336921,0.024213180873518536,0.8619958347417431,0.9679549130211826
GA,Georgia,Grade 12,High school graduates,15,0.9621449195179723,0.9364076130866545,0.9705181535285536,0.02139809306278251,0.9033212408093585,0.9835430125807548
HI,Hawaii,Grade 12,High school graduates,15,1.019548588157522,1.0194965675057208,1.0232121677637396,0.005352169691630104,0.9905712701053799,1.0457444869691999
IA,Iowa,Grade 12,High school graduates,15,0.9084615808924927,0.9084615808924927,0.912116596926773,0.00839174524433095,0.8908362414372496,0.9253505525085781
ID,Idaho,Grade 12,High school graduates,15,0.8929520099167699,0.8927547009455009,0.8938309696292663,0.012171427744628649,0.8379148269477282,0.9243116883116883
IL,Illinois,Grade 12,High school graduates,14,0.9274649251481659,0.9275143644287571,0.9161724796461956,0.015600132441663972,0.887593638585106,0.9622742972967383
IN,Indiana,Grade 12,High school graduates,15,0.8878753080525915,0.8865412914635957,0.8864470302842131,0.0119283059764842,0.8584448739054709,0.9416220041146331
KS,Kansas,Grade 12,High school graduates,15,0.9721323422241656,0.9640362301681269,0.9769921546807714,0.010009415273217304,0.9411473021972914,0.9868916025232942
KY,Kentucky,Grade 12,High school graduates,15,0.9964620793121207,0.9942319091696685,1.0095532139370755,0.012288989633919334,0.9659557771315146,1.0423171549988817
LA,Louisiana,Grade 12,High school graduates,15,0.9419233542804162,0.9382674989766681,0.9621078245994747,0.010239512673469453,0.8838834624452677,0.9687701725097384
MA,Massachusetts,Grade 12,High school graduates,15,0.9558154645873944,0.9550556864581656,0.9530748147771433,0.007469758376243529,0.9250813414651323,0.9841314567915882
MD,Maryland,Grade 12,High school graduates,15,0.9791036929951373,0.9754847484615767,0.9735617591716306,0.008489725124700143,0.9536325235883409,0.9916276940183798
ME,Maine,Grade 12,High school graduates,15,0.8981335247666906,0.9078984887368121,0.8317736978774628,0.024665898032732225,0.8146288209606987,0.9459323975938126
MI,Michigan,Grade 12,High school graduates,15,0.8796723752792256,0.8833260438910185,0.8755676574528789,0.00816546255861228,0.8421823831086866,0.9012047536473985
MN,Minnesota,Grade 12,High school graduates,15,0.830492060101118,0.8291648574323346,0.846936584713174,0.01589177828272037,0.8005554661085171,0.8499901826035735
MO,Missouri,Grade 12,High school graduates,15,0.9545991816941961,0.9545991816941961,0.9529881084683436,0.004882889395925405,0.9344823295171727,0.9620748406638481
MS,Mississippi,Grade 12,High school graduates,15,0.9568745352859406,0.9208911959013079,1.0130069351596314,0.05843730361841526,0.8662683823529411,1.0273404554399774
MT,Montana,Grade 12,High school graduates,15,0.95077900168701,0.9512468193384224,0.9483659328927344,0.004179042528341448,0.9218608397945827,0.9575838103025347
NC,North Carolina,Grade 12,High school graduates,15,1.0089975300897793,0.9995745450290905,1.020227841294709,0.01224263392273428,0.974197318588944,1.0422801422908043
ND,North Dakota,Grade 12,High school graduates,15,0.9168314221695004,0.922777852259016,0.911469936220453,0.014141019278321232,0.8978316326530612,0.9505783385909569
NE,Nebraska,Grade 12,High school graduates,15,0.8738185835276789,0.878501504428529,0.8565284396636909,0.012588591672599736,0.8535948222083594,0.9163532151173205
NH,New Hampshire,Grade 12,High school graduates,15,0.9644598409032589,0.965110859577868,0.9535056735145244,0.004651013600205367,0.9313703453959691,0.9768493150684932
NJ,New Jersey,Grade 12,High school graduates,15,0.9825667580465022,0.9825667580465022,0.9803045963253346,0.0079685993761488,0.9231125614374346,1.0174670206761023
NM,New Mexico,Grade 12,High school graduates,15,0.9162689402715352,0.9354540590495647,0.8954715448987569,0.035476678640950166,0.8432401759114768,0.9827778046538629
NV,Nevada,Grade 12,High school graduates,15,0.8531504500642949,0.8074528360625117,0.9063986546617158,0.0645787545501556,0.7213125019568553,0.9259904866014713
NY,New York,Grade 12,High school graduates,15,0.9552020714811412,0.9505977670190693,0.9595912914882785,0.011519344344253613,0.932054298642534,0.9892711570596411
OH,Ohio,Grade 12,High school graduates,15,1.0300708497730262,1.0230851485831565,1.0311204415030928,0.014632457372376173,0.9084239009232691,1.0589446633253061
OK,Oklahoma,Grade 12,High school graduates,15,0.9614693102931628,0.9593020258776226,0.9764368363415898,0.00996747258659303,0.9397568959829472,0.9937442128322681
OR,Oregon,Grade 12,High school graduates,15,0.789309531137786,0.7513849216653683,0.8391216790582154,0.04420066231144504,0.725531322903067,0.8663809047194239
PA,Pennsylvania,Grade 12,High school graduates,15,0.9448121961665327,0.9448121961665327,0.9441393131528715,0.00732545276179164,0.8470333162756875,0.9625156826071228
RI,Rhode Island,Grade 12,High school graduates,15,0.8979180042190222,0.911504424778761,0.8916783228851332,0.01364596771215143,0.8676821983273596,0.9364086282566066
SC,South Carolina,Grade 12,High school graduates,15,0.9718319121418707,0.9439392246676349,0.9850156237377271,0.034571303971853706,0.884994621728218,1.018013600801552
SD,South Dakota,Grade 12,High school graduates,15,0.9498850574712644,0.9493964716805943,0.9561859286028747,0.011070385799291427,0.9100739269557542,0.9725397760754272
TN,Tennessee,Grade 12,High school graduates,15,0.9249460776180636,0.9249460776180636,0.9274915407782325,0.006620298392756907,0.8846208890288233,0.9420804819558987
TX,Texas,Grade 12,High school graduates,15,0.9979556679265951,0.9867889007121224,1.0118396590715284,0.017239387743205548,0.942802203290666,1.0290386618600669
UT,Utah,Grade 12,High school graduates,15,0.8870585014146208,0.8833692259297795,0.902842374386506,0.019258287946576025,0.7849494873151437,0.916156706873143
VA,Virginia,Grade 12,High school graduates,15,0.9414875374760762,0.9329631454032511,0.9749398092478174,0.013086069020673663,0.9134894522934004,0.9868031757518997
VT,Vermont,Grade 12,High school graduates,15,0.9586436170212767,0.9744166432386843,0.8847080799511545,0.026551957234606127,0.8643686125064958,0.9897546897546897
WA,Washington,Grade 12,High school graduates,15,0.7938288417431193,0.777428429587953,0.8241529683122211,0.018819954659314297,0.7589186636760713,0.8506139307279624
WI,Wisconsin,Grade 12,High school graduates,15,0.9176368533990777,0.9150156412930136,0.9241479203228788,0.006621379645961434,0.8903445881695923,0.933012975988358
WV,West Virginia,Grade 12,High school graduates,15,0.9770272493009485,0.9620744302967376,0.9913312426995584,0.017998195264206762,0.93528603151105,0.9952399190239098
WY,Wyoming,Grade 12,High school graduates,15,0.8984437670463661,0.8984437670463661,0.9007282201896976,0.009429206820653402,0.8790479274611399,0.924512987012987
